customer_id,customer_name,email,city,signup_date
1,Priya Shah,priya.shah1@outlook.com,Pune,2023-04-03
2,Riya Paul,riya.paul2@gmail.com,Chennai,2022-06-28
3,Dev Shah,dev.shah3@gmail.com,Ahmedabad,2023-03-24
205,Riya Iyer,riya.iyer205@gmail.com,Mumbai,2024-10-25
11,Rahul Jain,Unknown,Kolkata,2023-01-29
36,Riya Mehta,Unknown,Chennai,2022-12-05
4,Ishaan Verma,ishaan.verma4@gmail.com,Chennai,2023-02-12
5,Rohan Reddy,rohan.reddy5@hotmail.com,Hyderabad,2025-04-21
7,Ananya Joshi,ananya.joshi7@hotmail.com,Pune,2023-11-21
8,Priya Patel,priya.patel8@yahoo.com,Ahmedabad,2024-01-06
9,Vikram Singh,vikram.singh9@outlook.com,Surat,2024-07-29
10,Rohan Patel,rohan.patel10@yahoo.com,Ahmedabad,2025-02-04
12,Laxman Shah,laxman.shah12@hotmail.com,Bengaluru,2022-06-13
13,Ishaan Jain,ishaan.jain13@gmail.com,Jaipur,2023-07-24
14,Nisha Nair,nisha.nair14@outlook.com,Mumbai,2024-01-29
15,Vikram Desai,vikram.desai15@outlook.com,Ahmedabad,2025-06-01
16,Karan Verma,karan.verma16@hotmail.com,Mumbai,2024-08-04
17,Kavya Joshi,kavya.joshi17@hotmail.com,Delhi,2022-04-25
18,Ishaan Jain,ishaan.jain18@gmail.com,Delhi,2024-04-01
19,Neha Patel,neha.patel19@hotmail.com,Kolkata,2023-10-07
20,Meera Nair,meera.nair20@yahoo.com,Jaipur,2025-08-09
21,Nisha Mehta,nisha@gmail,Mumbai,2023-05-21
22,Rohan Verma,rohan.verma22@outlook.com,Kolkata,2024-05-27
23,Kavya Kapoor,kavya.kapoor23@hotmail.com,Mumbai,2024-11-09
24,Aditya Patel,aditya.patel24@gmail.com,Ahmedabad,2022-11-10
25,Karan Rao,karan.rao25@yahoo.com,Kolkata,2022-05-11
26,Kavya Reddy,kavya.reddy26@yahoo.com,Chennai,2023-05-30
27,Rohan Jain,rohan.jain27@gmail.com,Ahmedabad,2025-10-28
28,Rohan Rao,rohan.rao28@outlook.com,Delhi,2022-08-17
29,Rahul Reddy,rahul.reddy29@hotmail.com,Hyderabad,2022-01-07
30,Neha Verma,neha.verma30@hotmail.com,Chennai,2022-08-06
31,Rahul Jain,rahul.jain31@hotmail.com,Mumbai,2024-02-05
32,Karan Verma,karan.verma32@gmail.com,Kolkata,2023-10-26
33,Aditya Shah,aditya.shah33@gmail.com,Delhi,2023-09-22
34,Ishaan Shah,ishaan.shah34@hotmail.com,Kolkata,2022-06-11
35,Laxman Paul,laxman.paul35@yahoo.com,Ahmedabad,2024-12-26
37,Neha Verma,neha.verma37@yahoo.com,Pune,2025-01-09
38,Meera Paul,meera.paul38@outlook.com,Jaipur,2025-10-07
39,Vikram Iyer,vikram.iyer39@yahoo.com,Ahmedabad,2023-05-23
40,Ishaan Patel,ishaan.patel40@outlook.com,Surat,2025-04-19
41,Rohan Desai,rohan.desai41@hotmail.com,Surat,2022-05-26
42,Arav Desai,arav.desai42@gmail.com,Surat,2023-11-08
43,Laxman Verma,laxman.verma43@hotmail.com,Bengaluru,2025-10-02
44,Aditya Desai,aditya.desai44@hotmail.com,Kolkata,2025-03-26
45,Aditya Desai,aditya.desai45@yahoo.com,Jaipur,2023-01-25
47,Dev Iyer,dev.iyer47@gmail.com,Ahmedabad,2022-05-05
48,Kavya Paul,kavya.paul48@outlook.com,Ahmedabad,2023-05-25
49,Meera Desai,meera.desai49@yahoo.com,Mumbai,2024-05-14
50,Karan Joshi,karan.joshi50@yahoo.com,Pune,2022-06-04
51,Nisha Rao,nisha.rao51@gmail.com,Surat,2025-08-28
52,Rohan Jain,rohan.jain52@gmail.com,Ahmedabad,2023-04-30
53,Karan Reddy,karan.reddy53@yahoo.com,Hyderabad,2023-03-14
54,Kavya Shah,kavya.shah54@hotmail.com,Jaipur,2022-01-05
55,Kavya Joshi,kavya.joshi55@yahoo.com,Bengaluru,2024-05-16
56,Rohan Nair,rohan.nair56@yahoo.com,Mumbai,2023-01-24
57,Rahul Desai,rahul.desai57@gmail.com,Kolkata,2025-01-15
58,Arav Paul,arav.paul58@outlook.com,Surat,2022-04-13
59,Aditya Verma,aditya.verma59@hotmail.com,Surat,2024-11-06
60,Laxman Jain,laxman.jain60@hotmail.com,Ahmedabad,2025-05-03
61,Laxman Nair,laxman.nair61@hotmail.com,Jaipur,2022-09-03
62,Ishaan Singh,ishaan.singh62@gmail.com,Kolkata,2022-06-17
63,Dev Nair,dev.nair63@outlook.com,Bengaluru,2023-02-23
64,Ananya Desai,ananya.desai64@outlook.com,Jaipur,2022-09-26
65,Rahul Iyer,rahul.iyer65@outlook.com,Ahmedabad,2022-01-20
66,Nisha Singh,nisha.singh66@gmail.com,Ahmedabad,2025-01-06
67,Meera Verma,meera.verma67@outlook.com,Mumbai,2023-12-16
68,Laxman Desai,laxman.desai68@outlook.com,Bengaluru,2022-11-20
69,Nisha Jain,nisha.jain69@outlook.com,Kolkata,2025-09-01
70,Pooja Shah,pooja.shah70@outlook.com,Ahmedabad,2022-10-03
71,Neha Patel,neha.patel71@gmail.com,Chennai,2022-11-15
72,Neha Joshi,neha.joshi72@hotmail.com,Delhi,2023-02-21
73,Neha Verma,neha.verma73@yahoo.com,Bengaluru,2022-04-15
74,Laxman Nair,laxman.nair74@yahoo.com,Bengaluru,2022-04-01
75,Aarav Kapoor,aarav.kapoor75@hotmail.com,Bengaluru,2022-11-27
76,Nisha Verma,nisha.verma76@yahoo.com,Chennai,2022-01-20
77,Priya Patel,priya.patel77@hotmail.com,Chennai,2022-03-15
78,Vikram Singh,vikram.singh78@hotmail.com,Jaipur,2022-09-19
79,Arav Joshi,arav.joshi79@outlook.com,Surat,2024-01-03
80,Meera Nair,meera.nair80@hotmail.com,Ahmedabad,2023-12-26
81,Rohan Jain,rohan@gmail,Kolkata,2022-11-13
82,Ishaan Jain,ishaan.jain82@hotmail.com,Mumbai,2024-04-24
83,Aarav Mehta,aarav.mehta83@outlook.com,Jaipur,2025-10-03
84,Ishaan Joshi,ishaan.joshi84@hotmail.com,Ahmedabad,2024-02-23
85,Arav Jain,arav.jain85@yahoo.com,Pune,2023-02-13
292,Riya Reddy,riya.reddy292@hotmail.com,Chennai,2025-02-18
293,Vikram Patel,vikram.patel293@yahoo.com,Surat,2024-06-12
294,Aarav Iyer,aarav.iyer294@gmail.com,Delhi,2025-03-25
295,Dev Singh,dev.singh295@yahoo.com,Jaipur,2023-08-16
296,Priya Reddy,priya.reddy296@gmail.com,Delhi,2022-12-18
86,Nisha Kapoor,nisha.kapoor86@outlook.com,Pune,2023-04-02
87,Aarav Nair,aarav.nair87@hotmail.com,Jaipur,2023-11-04
88,Neha Jain,neha.jain88@gmail.com,Bengaluru,2023-12-21
89,Pooja Reddy,pooja.reddy89@outlook.com,Surat,2022-08-25
90,Neha Mehta,neha.mehta90@outlook.com,Surat,2022-08-11
91,Dev Kapoor,dev.kapoor91@outlook.com,Jaipur,2025-05-26
92,Pooja Patel,pooja.patel92@yahoo.com,Kolkata,2023-01-25
93,Neha Shah,neha.shah93@yahoo.com,Surat,2024-11-30
94,Rohan Nair,rohan.nair94@hotmail.com,Delhi,2024-06-02
95,Laxman Nair,laxman.nair95@outlook.com,Kolkata,2023-10-05
97,Dev Kapoor,dev.kapoor97@yahoo.com,Bengaluru,2025-02-09
98,Riya Desai,riya.desai98@yahoo.com,Jaipur,2025-10-19
99,Karan Singh,karan.singh99@outlook.com,Jaipur,2025-01-27
100,Aarav Joshi,aarav.joshi100@outlook.com,Pune,2024-05-30
102,Meera Verma,meera.verma102@yahoo.com,Mumbai,2025-09-11
103,Laxman Joshi,laxman.joshi103@outlook.com,Ahmedabad,2023-04-27
104,Rahul Desai,rahul.desai104@hotmail.com,Mumbai,2022-02-20
105,Arav Desai,arav.desai105@yahoo.com,Kolkata,2022-05-30
106,Nisha Reddy,nisha.reddy106@hotmail.com,Jaipur,2024-10-09
107,Kavya Desai,kavya.desai107@hotmail.com,Surat,2022-08-07
108,Dev Desai,dev.desai108@hotmail.com,Chennai,2024-08-09
109,Arav Verma,arav.verma109@hotmail.com,Ahmedabad,2024-07-23
110,Riya Rao,riya.rao110@yahoo.com,Chennai,2025-02-18
111,Ananya Rao,ananya.rao111@yahoo.com,Kolkata,2024-10-30
112,Dev Jain,dev.jain112@yahoo.com,Mumbai,2024-08-30
113,Nisha Joshi,nisha.joshi113@hotmail.com,Bengaluru,2024-12-03
114,Aditya Nair,aditya.nair114@hotmail.com,Bengaluru,2024-06-19
115,Laxman Paul,laxman.paul115@outlook.com,Pune,2023-07-11
116,Ananya Kapoor,ananya.kapoor116@gmail.com,Mumbai,2022-11-05
117,Ishaan Reddy,ishaan.reddy117@hotmail.com,Pune,2022-05-12
118,Dev Reddy,dev.reddy118@outlook.com,Chennai,2024-08-12
119,Dev Shah,dev.shah119@hotmail.com,Jaipur,2024-03-08
120,Aarav Jain,aarav.jain120@yahoo.com,Hyderabad,2022-01-13
121,Vikram Joshi,vikram.joshi121@yahoo.com,Jaipur,2025-01-07
122,Rohan Rao,rohan.rao122@hotmail.com,Hyderabad,2023-03-26
123,Neha Reddy,neha.reddy123@yahoo.com,Surat,2024-03-07
124,Ananya Nair,ananya.nair124@yahoo.com,Mumbai,2024-08-15
125,Riya Singh,riya.singh125@gmail.com,Jaipur,2025-04-27
126,Aarav Patel,aarav.patel126@yahoo.com,Mumbai,2024-08-03
127,Karan Shah,karan.shah127@outlook.com,Jaipur,2023-11-02
128,Meera Iyer,meera.iyer128@outlook.com,Delhi,2024-02-16
129,Neha Rao,neha.rao129@yahoo.com,Bengaluru,2022-06-17
130,Aditya Shah,aditya.shah130@gmail.com,Delhi,2023-04-05
131,Laxman Rao,laxman.rao131@gmail.com,Surat,2023-05-22
132,Meera Jain,meera.jain132@gmail.com,Kolkata,2022-11-09
133,Ishaan Mehta,ishaan.mehta133@yahoo.com,Ahmedabad,2025-03-01
134,Meera Iyer,meera.iyer134@outlook.com,Delhi,2022-12-10
135,Priya Rao,priya.rao135@hotmail.com,Bengaluru,2022-08-10
136,Aarav Joshi,aarav.joshi136@yahoo.com,Jaipur,2023-02-11
137,Laxman Singh,laxman.singh137@hotmail.com,Ahmedabad,2023-09-10
138,Priya Rao,priya.rao138@gmail.com,Delhi,2024-12-27
139,Dev Nair,dev.nair139@outlook.com,Ahmedabad,2024-11-02
140,Ananya Shah,ananya.shah140@yahoo.com,Hyderabad,2022-08-05
141,Dev Kapoor,dev.kapoor141@yahoo.com,Mumbai,2024-06-10
142,Karan Paul,karan.paul142@outlook.com,Kolkata,2025-01-07
143,Aditya Iyer,aditya.iyer143@yahoo.com,Kolkata,2023-07-04
144,Ananya Jain,ananya.jain144@hotmail.com,Ahmedabad,2023-07-26
145,Nisha Desai,nisha.desai145@yahoo.com,Kolkata,2025-06-03
146,Kavya Kapoor,kavya.kapoor146@gmail.com,Hyderabad,2023-10-28
147,Karan Iyer,karan.iyer147@hotmail.com,Delhi,2023-06-14
148,Ananya Joshi,ananya.joshi148@outlook.com,Chennai,2022-01-21
149,Pooja Desai,pooja.desai149@gmail.com,Pune,2024-04-12
150,Aditya Verma,aditya.verma150@hotmail.com,Hyderabad,2025-08-15
151,Aditya Iyer,aditya.iyer151@gmail.com,Ahmedabad,2023-08-26
152,Ishaan Reddy,ishaan.reddy152@hotmail.com,Bengaluru,2025-09-21
153,Vikram Iyer,vikram.iyer153@outlook.com,Jaipur,2025-02-01
154,Ananya Kapoor,ananya.kapoor154@yahoo.com,Bengaluru,2023-09-20
155,Neha Desai,neha.desai155@gmail.com,Pune,2023-10-09
156,Priya Paul,priya.paul156@hotmail.com,Pune,2023-03-20
157,Aditya Joshi,aditya.joshi157@outlook.com,Ahmedabad,2023-02-02
158,Rahul Desai,rahul.desai158@outlook.com,Mumbai,2023-09-12
159,Aarav Paul,aarav.paul159@hotmail.com,Bengaluru,2022-04-04
160,Arav Verma,arav.verma160@outlook.com,Mumbai,2025-07-30
161,Aditya Patel,aditya@gmail,Kolkata,2023-08-06
162,Aditya Iyer,aditya.iyer162@yahoo.com,Delhi,2023-01-13
163,Arav Joshi,arav.joshi163@yahoo.com,Ahmedabad,2022-05-14
164,Kavya Iyer,kavya.iyer164@gmail.com,Kolkata,2025-07-13
165,Arav Mehta,arav.mehta165@hotmail.com,Kolkata,2023-09-15
166,Laxman Desai,laxman.desai166@gmail.com,Chennai,2024-05-02
167,Ishaan Rao,ishaan.rao167@yahoo.com,Hyderabad,2024-06-25
168,Rahul Jain,rahul.jain168@yahoo.com,Bengaluru,2025-03-10
169,Arav Singh,arav.singh169@gmail.com,Pune,2025-07-05
170,Meera Joshi,meera.joshi170@gmail.com,Mumbai,2023-05-07
171,Karan Verma,karan.verma171@gmail.com,Mumbai,2022-01-06
172,Dev Iyer,dev.iyer172@yahoo.com,Bengaluru,2022-03-08
173,Ishaan Joshi,ishaan.joshi173@outlook.com,Hyderabad,2022-05-26
174,Ishaan Joshi,ishaan.joshi174@hotmail.com,Jaipur,2022-08-24
175,Rohan Desai,rohan.desai175@hotmail.com,Bengaluru,2022-10-19
176,Laxman Shah,laxman.shah176@hotmail.com,Bengaluru,2025-05-03
177,Rahul Iyer,rahul.iyer177@gmail.com,Hyderabad,2023-09-15
178,Kavya Joshi,kavya.joshi178@yahoo.com,Hyderabad,2022-06-14
179,Arav Reddy,arav.reddy179@outlook.com,Kolkata,2023-05-28
180,Aarav Patel,aarav.patel180@hotmail.com,Kolkata,2025-04-17
181,Aarav Rao,aarav.rao181@outlook.com,Kolkata,2022-03-24
182,Karan Iyer,karan.iyer182@yahoo.com,Bengaluru,2023-01-07
101,Ananya Iyer,Unknown,Hyderabad,2025-10-15
183,Dev Nair,dev.nair183@yahoo.com,Ahmedabad,2024-08-20
184,Vikram Reddy,vikram.reddy184@outlook.com,Delhi,2025-10-04
185,Priya Jain,priya.jain185@hotmail.com,Delhi,2024-04-23
186,Aditya Joshi,aditya.joshi186@yahoo.com,Chennai,2022-03-17
187,Nisha Patel,nisha.patel187@outlook.com,Bengaluru,2023-10-25
188,Priya Rao,priya.rao188@yahoo.com,Chennai,2022-01-03
189,Rohan Iyer,rohan.iyer189@yahoo.com,Surat,2023-01-20
190,Pooja Kapoor,pooja.kapoor190@yahoo.com,Hyderabad,2022-04-16
191,Meera Joshi,meera.joshi191@hotmail.com,Bengaluru,2024-06-16
192,Aditya Patel,aditya.patel192@gmail.com,Kolkata,2023-05-06
193,Karan Joshi,karan.joshi193@gmail.com,Chennai,2024-04-15
194,Laxman Desai,laxman.desai194@gmail.com,Hyderabad,2022-08-29
195,Riya Iyer,riya.iyer195@outlook.com,Chennai,2023-07-14
196,Dev Jain,dev.jain196@yahoo.com,Hyderabad,2023-05-15
197,Nisha Verma,nisha.verma197@hotmail.com,Jaipur,2023-01-26
198,Pooja Paul,pooja.paul198@hotmail.com,Ahmedabad,2023-07-20
199,Dev Kapoor,dev.kapoor199@outlook.com,Surat,2023-08-03
200,Rahul Jain,rahul.jain200@yahoo.com,Mumbai,2024-07-03
201,Rohan Iyer,rohan.iyer201@outlook.com,Delhi,2025-02-04
202,Rohan Reddy,rohan.reddy202@yahoo.com,Delhi,2023-01-22
203,Ishaan Singh,ishaan.singh203@yahoo.com,Pune,2024-04-21
204,Arav Kapoor,arav.kapoor204@yahoo.com,Jaipur,2024-03-01
206,Ananya Jain,ananya.jain206@gmail.com,Hyderabad,2022-07-24
207,Pooja Iyer,pooja.iyer207@gmail.com,Mumbai,2024-04-19
208,Riya Patel,riya.patel208@yahoo.com,Bengaluru,2023-11-25
209,Kavya Nair,kavya.nair209@gmail.com,Delhi,2025-10-13
210,Rohan Reddy,rohan.reddy210@outlook.com,Hyderabad,2025-01-13
211,Arav Singh,arav.singh211@gmail.com,Pune,2025-07-16
212,Rahul Desai,rahul.desai212@gmail.com,Jaipur,2022-07-21
213,Priya Iyer,priya.iyer213@hotmail.com,Bengaluru,2022-03-01
214,Arav Kapoor,arav.kapoor214@gmail.com,Bengaluru,2024-01-05
215,Vikram Reddy,vikram.reddy215@hotmail.com,Pune,2024-12-23
216,Dev Singh,dev.singh216@hotmail.com,Mumbai,2022-12-25
217,Laxman Singh,laxman.singh217@yahoo.com,Kolkata,2025-10-31
218,Ishaan Iyer,ishaan.iyer218@hotmail.com,Pune,2024-08-02
219,Neha Iyer,neha.iyer219@outlook.com,Surat,2024-08-10
220,Rahul Nair,rahul.nair220@hotmail.com,Ahmedabad,2024-06-23
221,Vikram Singh,vikram.singh221@outlook.com,Jaipur,2023-05-28
222,Nisha Jain,nisha.jain222@outlook.com,Pune,2024-02-27
223,Aditya Patel,aditya.patel223@hotmail.com,Jaipur,2025-03-17
224,Vikram Singh,vikram.singh224@outlook.com,Bengaluru,2022-02-14
225,Kavya Joshi,kavya.joshi225@gmail.com,Kolkata,2022-04-11
226,Aditya Jain,aditya.jain226@outlook.com,Pune,2025-05-28
227,Vikram Desai,vikram.desai227@hotmail.com,Kolkata,2023-05-29
228,Riya Nair,riya.nair228@gmail.com,Surat,2023-09-25
229,Nisha Shah,nisha.shah229@outlook.com,Mumbai,2022-07-04
230,Rahul Kapoor,rahul.kapoor230@yahoo.com,Mumbai,2023-02-16
231,Riya Rao,riya.rao231@outlook.com,Chennai,2024-10-24
232,Neha Jain,neha.jain232@hotmail.com,Bengaluru,2024-09-13
233,Rahul Paul,rahul.paul233@outlook.com,Ahmedabad,2024-08-17
234,Laxman Mehta,laxman.mehta234@hotmail.com,Jaipur,2025-02-15
235,Vikram Patel,vikram.patel235@yahoo.com,Surat,2023-06-26
236,Rohan Patel,rohan.patel236@yahoo.com,Delhi,2025-10-09
237,Neha Singh,neha.singh237@yahoo.com,Delhi,2022-08-10
238,Ishaan Iyer,ishaan.iyer238@gmail.com,Kolkata,2025-02-23
239,Ananya Singh,ananya.singh239@hotmail.com,Ahmedabad,2025-07-25
240,Nisha Paul,nisha.paul240@outlook.com,Jaipur,2022-08-27
241,Riya Shah,riya.shah241@gmail.com,Bengaluru,2024-10-05
242,Priya Patel,priya.patel242@hotmail.com,Chennai,2022-10-05
243,Kavya Iyer,kavya.iyer243@outlook.com,Chennai,2024-05-08
244,Riya Reddy,riya.reddy244@gmail.com,Hyderabad,2025-06-14
245,Dev Joshi,dev.joshi245@gmail.com,Delhi,2023-03-21
246,Nisha Iyer,nisha.iyer246@hotmail.com,Delhi,2022-07-23
247,Vikram Verma,vikram.verma247@outlook.com,Surat,2024-03-26
248,Neha Desai,neha.desai248@gmail.com,Hyderabad,2022-07-07
249,Meera Nair,meera.nair249@gmail.com,Surat,2023-11-15
250,Ishaan Mehta,ishaan.mehta250@hotmail.com,Ahmedabad,2025-02-09
251,Meera Singh,meera.singh251@hotmail.com,Pune,2023-11-04
252,Riya Rao,riya.rao252@gmail.com,Bengaluru,2022-10-24
253,Riya Verma,riya.verma253@outlook.com,Mumbai,2022-08-14
254,Aarav Mehta,aarav.mehta254@gmail.com,Delhi,2023-05-03
255,Ananya Shah,ananya.shah255@hotmail.com,Bengaluru,2022-04-18
256,Riya Paul,riya.paul256@yahoo.com,Chennai,2022-08-21
257,Laxman Iyer,laxman.iyer257@yahoo.com,Delhi,2024-11-17
258,Priya Iyer,priya.iyer258@hotmail.com,Kolkata,2022-03-30
259,Pooja Joshi,pooja.joshi259@yahoo.com,Surat,2022-05-05
260,Aditya Jain,aditya.jain260@yahoo.com,Jaipur,2022-08-10
261,Aditya Paul,aditya.paul261@yahoo.com,Ahmedabad,2022-06-15
262,Ananya Singh,ananya.singh262@hotmail.com,Ahmedabad,2022-09-16
263,Neha Singh,neha.singh263@outlook.com,Jaipur,2025-05-08
264,Pooja Joshi,pooja.joshi264@yahoo.com,Chennai,2025-05-24
265,Dev Patel,dev.patel265@gmail.com,Chennai,2023-03-17
266,Dev Iyer,dev.iyer266@hotmail.com,Jaipur,2023-11-26
267,Nisha Reddy,nisha.reddy267@yahoo.com,Ahmedabad,2023-10-03
268,Dev Kapoor,dev.kapoor268@outlook.com,Delhi,2022-11-09
269,Aditya Patel,aditya.patel269@gmail.com,Ahmedabad,2022-07-10
270,Dev Patel,dev.patel270@outlook.com,Mumbai,2025-02-13
271,Arav Singh,arav.singh271@outlook.com,Ahmedabad,2024-04-21
272,Vikram Jain,vikram.jain272@yahoo.com,Surat,2023-08-13
273,Rahul Kapoor,rahul.kapoor273@gmail.com,Kolkata,2024-11-05
274,Meera Mehta,meera.mehta274@yahoo.com,Pune,2022-08-10
275,Vikram Jain,vikram.jain275@outlook.com,Ahmedabad,2023-07-25
276,Ishaan Rao,ishaan.rao276@yahoo.com,Chennai,2025-06-27
277,Rohan Shah,rohan.shah277@outlook.com,Surat,2023-01-05
278,Neha Paul,neha.paul278@outlook.com,Delhi,2023-12-20
279,Aarav Mehta,aarav.mehta279@hotmail.com,Kolkata,2025-09-08
280,Kavya Patel,kavya.patel280@hotmail.com,Surat,2022-07-07
281,Pooja Desai,pooja.desai281@yahoo.com,Jaipur,2024-07-18
282,Ananya Mehta,ananya.mehta282@outlook.com,Bengaluru,2023-10-27
283,Laxman Shah,laxman.shah283@hotmail.com,Mumbai,2025-06-19
284,Arav Nair,arav.nair284@gmail.com,Bengaluru,2024-06-26
285,Dev Iyer,dev.iyer285@yahoo.com,Jaipur,2023-07-14
286,Meera Rao,meera.rao286@gmail.com,Delhi,2024-05-30
287,Priya Joshi,priya.joshi287@yahoo.com,Chennai,2025-09-28
288,Rahul Shah,rahul.shah288@hotmail.com,Jaipur,2025-05-12
289,Arav Shah,arav.shah289@hotmail.com,Bengaluru,2023-03-09
290,Riya Rao,riya.rao290@outlook.com,Bengaluru,2023-11-03
291,Priya Shah,priya.shah291@yahoo.com,Jaipur,2022-12-26
297,Nisha Jain,nisha.jain297@outlook.com,Ahmedabad,2024-06-13
298,Priya Desai,priya.desai298@yahoo.com,Kolkata,2024-03-31
299,Pooja Patel,pooja.patel299@yahoo.com,Bengaluru,2023-11-27
300,Ishaan Kapoor,ishaan.kapoor300@hotmail.com,Ahmedabad,2024-11-11
301,Laxman Jain,laxman.jain60@hotmail.com,Ahmedabad,2025-05-03
6,Unknown,neha.rao6@gmail.com,Mumbai,2024-05-15
46,Unknown,priya.patel46@yahoo.com,Delhi,2024-05-17
96,Unknown,priya.paul96@outlook.com,Chennai,2023-09-26
