order_id,customer_id,order_date,status,discount_pct,order_amount
1045,154,2025-10-29,Shipped,0.05,4817.84
1005,210,2026-08-24,Delivered,0.05,2027.86
1025,26,2026-05-21,Cancelled,0.05,6182.84
1001,96,2026-07-14,Processing,0.10,70067.01
1002,70,2023-03-03,Delivered,0.10,33013.57
1003,81,2026-06-11,Delivered,0.00,39027.45
1004,14,2025-02-01,Cancelled,0.10,35009.82
1006,283,2026-05-12,Shipped,0.00,26316.93
1007,266,2026-05-30,Processing,0.10,38255.55
1008,298,2024-09-04,Delivered,0.00,2151.51
1009,108,2026-03-17,Processing,0.05,11373.18
1010,233,2024-10-30,Shipped,0.05,62439.39
1011,205,2025-03-07,Delivered,0.05,34522.56
1012,50,2022-09-15,Processing,0.00,45591.46
1013,256,2024-05-13,Shipped,0.10,36817.88
1014,145,2026-02-11,Processing,0.05,16269.47
1015,27,2026-08-15,Processing,0.10,31668.17
1016,50,2024-08-18,Cancelled,0.10,4424.38
1017,71,2024-09-27,Processing,0.10,61318.15
1018,154,2025-08-08,Delivered,0.05,54728.53
1019,243,2025-02-03,Cancelled,0.00,58331.11
1020,294,2025-07-15,Cancelled,0.00,29066.62
1021,257,2026-08-05,Cancelled,0.10,49772.28
1022,236,2026-07-08,Shipped,0.00,47885.92
1023,153,2025-11-23,Cancelled,0.05,61743.01
1024,22,2025-03-17,Processing,0.00,70263.12
1026,71,2022-11-25,Processing,0.10,29707.79
1027,274,2026-08-29,Delivered,0.05,20728.76
2424,145,2026-01-24,Shipped,0.00,7415.22
1028,20,2025-08-13,Cancelled,0.00,41539.16
1029,99,2025-05-22,Processing,0.05,25824.28
1030,208,2026-03-20,Shipped,0.05,21895.21
1031,134,2025-02-02,Processing,0.10,23759.77
1032,185,2026-04-02,Processing,0.00,4251.67
1033,152,2026-03-28,Cancelled,0.10,21804.29
1034,42,2026-05-10,Shipped,0.00,22556.90
1035,106,2026-05-29,Cancelled,0.05,46472.59
1036,158,2023-10-26,Delivered,0.05,14745.00
1037,36,2025-07-28,Shipped,0.10,4083.92
1038,196,2025-11-18,Processing,0.00,8338.68
1039,115,2023-07-18,Cancelled,0.10,30316.32
1040,236,2026-04-04,Delivered,0.00,11473.17
1041,124,2025-03-14,Cancelled,0.10,23070.65
1042,23,2025-12-25,Processing,0.00,38945.14
1043,122,2024-12-03,Processing,0.05,14490.45
1044,285,2026-04-24,Processing,0.10,15623.99
1046,30,2025-09-30,Processing,0.00,47894.25
1047,190,2022-10-22,Shipped,0.05,8307.82
1048,8,2024-08-09,Shipped,0.05,31155.00
1049,195,2026-02-22,Cancelled,0.05,45299.59
1050,212,2022-10-22,Shipped,0.00,39383.61
1051,292,2025-10-27,Shipped,0.10,41518.52
1052,280,2025-04-02,Delivered,0.00,3883.62
1053,212,2023-04-28,Delivered,0.10,43065.70
1054,9,2024-08-04,Delivered,0.10,79234.05
1055,55,2024-08-22,Delivered,0.05,28825.41
1056,116,2024-07-11,Delivered,0.10,47839.75
1057,223,2026-02-19,Delivered,0.00,47249.10
1058,92,2024-10-30,Cancelled,0.00,43938.25
1059,291,2025-03-01,Cancelled,0.00,19199.79
1060,168,2025-04-09,Cancelled,0.00,23465.18
1061,38,2025-11-18,Processing,0.00,67777.01
1062,228,2025-10-01,Cancelled,0.00,8241.27
1063,284,2024-09-29,Shipped,0.10,35847.96
1064,87,2024-08-14,Cancelled,0.05,26577.12
1065,40,2025-10-20,Delivered,0.00,29181.75
1066,171,2025-06-29,Processing,0.05,49897.43
1067,161,2024-08-03,Processing,0.05,55524.61
1068,59,2026-06-06,Delivered,0.10,47518.90
1069,150,2026-08-04,Processing,0.00,38169.44
1070,194,2023-01-27,Cancelled,0.10,60808.22
1071,56,2024-06-15,Delivered,0.00,25235.83
1072,262,2025-08-13,Shipped,0.05,39097.66
1073,152,2026-04-21,Processing,0.05,7153.88
1074,179,2026-01-27,Delivered,0.05,2407.26
1075,176,2026-03-30,Shipped,0.10,11502.44
1076,237,2023-11-27,Shipped,0.05,17457.17
1077,3,2024-06-05,Delivered,0.10,6095.12
1078,101,2026-06-06,Processing,0.10,27895.40
1079,179,2025-05-17,Delivered,0.10,40988.58
1080,123,2025-01-13,Shipped,0.10,4717.39
1081,295,2025-10-09,Shipped,0.05,8337.44
1082,162,2025-07-24,Cancelled,0.05,66053.75
1083,228,2026-06-21,Shipped,0.05,45538.45
1084,276,2025-11-21,Cancelled,0.10,32606.72
1085,138,2026-07-06,Cancelled,0.00,6822.63
1086,17,2024-11-01,Processing,0.10,19713.26
1087,72,2024-04-19,Processing,0.10,22439.38
1088,150,2026-01-10,Shipped,0.10,22484.66
1089,165,2025-02-02,Delivered,0.10,76862.36
1090,189,2025-08-08,Processing,0.00,38975.49
1091,220,2025-01-25,Shipped,0.10,4465.60
1092,24,2023-06-01,Shipped,0.10,34349.24
1093,48,2025-06-01,Processing,0.10,27947.99
1094,47,2026-04-15,Delivered,0.00,6551.60
1095,5,2025-04-25,Delivered,0.00,28628.05
1096,71,2025-01-06,Delivered,0.10,848.06
1097,180,2026-04-21,Cancelled,0.00,32920.26
1098,64,2026-01-15,Processing,0.10,36958.04
1099,266,2025-08-08,Cancelled,0.10,25938.04
1100,185,2025-03-13,Processing,0.10,32583.28
1101,38,2025-10-15,Cancelled,0.05,39207.45
1102,275,2026-07-30,Processing,0.05,51906.27
1103,224,2026-03-19,Cancelled,0.00,9448.16
1104,90,2023-04-12,Cancelled,0.05,2668.56
1105,191,2024-10-23,Delivered,0.05,38515.38
1106,256,2025-10-24,Delivered,0.10,1267.19
1107,261,2022-06-20,Cancelled,0.05,3268.30
1108,19,2026-02-11,Processing,0.05,6971.65
1109,258,2026-01-06,Delivered,0.05,8809.72
1110,160,2026-01-13,Processing,0.00,14576.64
1111,238,2026-03-07,Shipped,0.10,25967.24
1112,1,2025-05-12,Processing,0.00,28951.05
1113,191,2025-09-28,Delivered,0.05,62802.43
1114,150,2025-12-26,Delivered,0.00,42749.05
1115,55,2024-10-31,Shipped,0.05,45298.36
1116,62,2022-12-19,Shipped,0.05,47369.25
1117,183,2025-09-29,Shipped,0.00,55096.50
1118,63,2023-03-19,Cancelled,0.05,1254.38
1119,39,2023-07-06,Delivered,0.05,12391.04
1120,26,2024-05-08,Shipped,0.00,33168.45
1121,77,2022-05-24,Delivered,0.05,49496.99
1122,103,2026-04-07,Processing,0.05,4112.07
1123,290,2026-08-27,Shipped,0.00,33823.83
1124,272,2025-08-14,Cancelled,0.05,26578.32
1125,163,2026-07-03,Cancelled,0.10,30028.81
1126,20,2025-09-24,Delivered,0.10,30914.20
1127,104,2026-08-29,Delivered,0.00,1091.30
1128,270,2026-02-21,Delivered,0.05,2267.60
1129,81,2025-04-25,Cancelled,0.05,42805.62
1130,91,2026-06-03,Delivered,0.00,28954.26
1131,290,2024-06-03,Processing,0.00,11388.31
1132,229,2022-07-27,Delivered,0.10,37856.69
1133,225,2026-05-20,Cancelled,0.00,27635.90
1134,232,2024-11-27,Processing,0.00,8617.45
1135,193,2024-09-26,Shipped,0.10,28522.24
1136,52,2025-03-08,Processing,0.10,6658.08
1137,50,2022-09-13,Delivered,0.05,47520.13
1138,103,2023-11-11,Processing,0.00,14060.24
1139,204,2025-06-26,Processing,0.05,24839.50
1140,23,2025-08-05,Shipped,0.10,12776.02
1141,177,2026-01-09,Shipped,0.05,67592.64
1142,18,2025-08-28,Shipped,0.00,49780.42
1143,41,2026-03-25,Delivered,0.00,24957.06
1144,142,2026-06-23,Cancelled,0.00,39146.14
1145,289,2023-10-01,Cancelled,0.10,29506.54
1146,89,2024-03-11,Processing,0.10,10279.17
1147,138,2026-01-12,Processing,0.05,1636.95
1148,69,2026-02-01,Shipped,0.05,47866.56
1149,29,2024-11-27,Cancelled,0.00,20039.11
1150,99,2025-08-20,Delivered,0.05,6161.77
1151,189,2025-08-27,Shipped,0.05,52912.03
1152,84,2026-06-29,Shipped,0.00,25624.91
1153,138,2026-02-19,Processing,0.10,11425.49
1154,193,2025-04-07,Cancelled,0.10,54194.96
1155,288,2026-04-08,Processing,0.05,20305.63
1156,77,2025-02-06,Processing,0.10,21258.36
1157,152,2026-01-31,Shipped,0.05,56145.97
1158,184,2026-06-20,Shipped,0.10,41994.60
1159,46,2024-12-30,Processing,0.05,25698.76
1160,299,2025-07-13,Cancelled,0.00,31026.72
1161,176,2025-11-28,Delivered,0.00,33260.78
1162,87,2024-09-23,Cancelled,0.05,23298.72
1163,274,2023-09-22,Processing,0.05,20119.23
1164,258,2025-07-17,Processing,0.05,32345.54
1165,251,2025-11-08,Shipped,0.00,27064.56
1166,12,2025-10-02,Delivered,0.10,67060.29
1167,25,2026-03-23,Delivered,0.10,31527.54
1168,106,2026-07-16,Delivered,0.10,30316.32
1169,215,2025-04-09,Processing,0.10,19307.78
1170,152,2025-12-12,Cancelled,0.05,14576.64
1171,46,2024-09-07,Shipped,0.05,17961.06
1172,26,2023-12-20,Processing,0.05,2474.40
1173,24,2022-11-29,Cancelled,0.10,19283.50
1174,176,2025-08-04,Processing,0.05,24155.42
1175,86,2023-11-19,Cancelled,0.10,9448.16
1176,195,2025-07-17,Processing,0.10,16958.98
1177,174,2025-07-22,Delivered,0.00,38733.25
1178,254,2024-04-05,Processing,0.05,25943.88
1179,207,2026-08-03,Cancelled,0.00,32787.68
1180,61,2025-06-17,Processing,0.10,18639.37
1181,175,2024-11-01,Cancelled,0.10,2383.32
1182,59,2025-02-13,Delivered,0.00,26819.41
1183,210,2025-05-02,Cancelled,0.00,37714.96
1184,213,2022-06-04,Delivered,0.10,53872.28
1185,297,2024-12-07,Shipped,0.05,72813.74
1186,232,2025-01-27,Processing,0.10,38169.44
1187,103,2024-06-29,Delivered,0.05,34172.33
1188,274,2024-03-17,Delivered,0.10,27153.71
1189,83,2026-02-26,Delivered,0.10,54304.97
1190,122,2026-02-04,Delivered,0.10,49682.57
1191,116,2026-05-25,Shipped,0.10,17769.75
1192,264,2025-07-24,Shipped,0.10,11968.12
1193,239,2026-07-23,Delivered,0.10,1649.60
1194,294,2026-03-26,Shipped,0.10,25593.35
1195,279,2026-06-09,Processing,0.05,23259.62
1196,59,2025-10-26,Processing,0.05,19212.24
1197,277,2024-08-06,Cancelled,0.05,20528.14
1198,165,2026-08-02,Delivered,0.10,7844.02
1199,218,2024-11-16,Delivered,0.10,3854.27
1200,236,2026-03-27,Shipped,0.05,6128.06
1201,133,2026-04-22,Delivered,0.10,34619.14
1202,38,2026-04-08,Cancelled,0.10,52443.00
1203,274,2023-11-03,Shipped,0.05,29564.62
1204,284,2026-01-15,Cancelled,0.10,7788.75
1205,108,2026-08-22,Shipped,0.00,15597.76
1206,59,2025-05-10,Delivered,0.00,27186.68
1207,183,2024-12-29,Processing,0.10,21950.36
1208,290,2025-11-18,Cancelled,0.05,15606.88
1209,246,2025-02-24,Delivered,0.05,10953.20
1210,40,2026-04-26,Delivered,0.10,30596.44
1211,19,2025-03-23,Processing,0.00,43272.02
1212,187,2026-08-18,Shipped,0.10,12927.16
1213,92,2026-03-29,Processing,0.00,11227.82
1214,199,2026-03-21,Processing,0.10,3793.08
1215,194,2024-09-15,Cancelled,0.05,43792.70
1216,226,2025-08-20,Processing,0.00,18934.28
1217,186,2025-07-31,Shipped,0.10,32326.27
1218,23,2025-03-19,Processing,0.00,24307.80
1219,146,2024-04-20,Cancelled,0.00,37515.42
1220,299,2026-03-16,Shipped,0.10,2151.51
1221,36,2024-03-19,Cancelled,0.00,27484.95
1222,244,2026-04-24,Delivered,0.10,47442.52
1223,190,2022-07-13,Cancelled,0.00,82120.65
1224,43,2026-02-24,Delivered,0.10,34495.68
1225,162,2025-04-29,Cancelled,0.10,3493.65
1226,105,2024-09-22,Processing,0.10,22035.25
1227,118,2025-11-12,Delivered,0.00,37044.34
1228,75,2025-07-19,Cancelled,0.05,64705.12
1229,90,2026-03-14,Delivered,0.10,24784.24
1230,19,2025-10-12,Processing,0.05,7279.56
1231,103,2026-03-22,Processing,0.10,7097.19
1232,142,2025-08-26,Delivered,0.10,33199.95
1233,60,2026-06-18,Processing,0.05,75792.88
1234,247,2024-07-23,Cancelled,0.05,27910.48
1235,128,2024-12-06,Shipped,0.05,20129.52
1236,294,2025-12-25,Shipped,0.00,6658.08
1237,106,2025-05-31,Shipped,0.00,32520.45
1238,4,2026-02-24,Processing,0.05,6837.75
1239,94,2026-07-24,Delivered,0.10,67685.78
1240,235,2024-02-27,Delivered,0.05,61776.28
1241,281,2025-04-13,Processing,0.05,2415.22
1242,108,2025-10-12,Shipped,0.00,44960.79
1243,285,2025-12-15,Shipped,0.05,43686.14
1244,250,2025-12-13,Shipped,0.00,19427.50
1245,50,2024-12-11,Cancelled,0.00,80397.18
1246,146,2025-10-24,Processing,0.05,23700.81
1247,173,2024-10-05,Processing,0.10,20584.78
1248,139,2026-01-31,Delivered,0.00,61851.73
1249,41,2023-07-31,Delivered,0.05,6224.13
1250,204,2025-08-19,Shipped,0.00,1485.60
1251,118,2025-04-22,Processing,0.05,11469.68
1252,281,2025-10-16,Cancelled,0.10,7767.25
1253,178,2025-02-24,Delivered,0.00,46310.74
1254,147,2026-01-29,Delivered,0.10,59764.41
1255,288,2025-12-21,Processing,0.00,39917.18
1256,146,2025-04-30,Cancelled,0.10,10086.33
1257,97,2026-01-03,Delivered,0.00,8230.07
1258,65,2026-01-23,Shipped,0.05,11982.49
1259,191,2025-10-03,Cancelled,0.00,32244.20
1260,7,2024-03-24,Shipped,0.05,38422.42
1261,82,2026-01-28,Delivered,0.10,42719.82
1262,223,2026-02-12,Delivered,0.05,17253.66
1263,298,2026-06-11,Processing,0.10,30057.74
1264,79,2025-12-21,Shipped,0.00,31519.83
1265,69,2026-01-07,Processing,0.10,29403.06
1266,291,2024-01-12,Shipped,0.05,26157.61
1267,233,2024-08-17,Processing,0.10,64645.13
1268,269,2026-05-09,Processing,0.00,8951.72
1269,67,2024-06-15,Shipped,0.00,2787.98
1270,270,2025-11-02,Delivered,0.00,13269.33
1271,240,2026-03-27,Cancelled,0.05,31221.96
1272,271,2024-06-01,Cancelled,0.00,30598.13
1273,286,2026-07-06,Shipped,0.00,60051.14
1274,81,2025-11-10,Processing,0.10,42726.86
1275,282,2025-03-30,Delivered,0.10,33470.13
1276,154,2024-12-17,Processing,0.10,4094.94
1277,20,2026-04-01,Shipped,0.05,57424.07
1278,292,2025-09-28,Processing,0.00,36602.22
1279,29,2026-05-04,Delivered,0.10,29005.04
1280,157,2026-01-10,Shipped,0.05,21754.35
1281,26,2025-08-11,Processing,0.05,51394.76
1282,43,2026-06-02,Shipped,0.00,58308.12
1283,203,2026-02-17,Processing,0.10,38152.20
1284,212,2024-12-04,Delivered,0.05,27112.21
1285,75,2025-05-17,Processing,0.00,9892.54
1286,28,2023-12-27,Processing,0.00,36885.85
1287,280,2025-06-12,Delivered,0.05,13288.09
1288,103,2024-11-02,Cancelled,0.10,3074.74
1289,10,2025-11-30,Delivered,0.00,54595.84
1290,21,2024-10-08,Processing,0.00,50702.41
1291,132,2025-01-09,Shipped,0.05,8668.92
1292,196,2026-04-15,Processing,0.05,28909.07
1293,71,2026-02-16,Processing,0.00,21859.81
1294,163,2023-03-08,Delivered,0.00,52919.33
1295,291,2026-06-02,Delivered,0.05,18994.94
1296,258,2025-08-19,Shipped,0.00,35792.33
1297,8,2026-08-10,Shipped,0.05,21463.30
1298,235,2024-11-12,Delivered,0.10,9173.97
1299,22,2025-02-02,Processing,0.05,15811.47
1300,237,2023-07-16,Cancelled,0.00,59845.45
1301,300,2026-05-24,Cancelled,0.00,23651.69
1302,233,2024-11-17,Cancelled,0.10,13985.77
1303,262,2026-02-20,Delivered,0.00,5784.35
1304,75,2023-11-28,Shipped,0.00,60153.20
1305,235,2026-04-10,Cancelled,0.05,6721.34
1306,4,2024-06-27,Processing,0.00,38393.36
1307,170,2023-11-02,Shipped,0.10,2330.36
1308,297,2025-06-16,Processing,0.05,17464.97
1309,150,2026-04-13,Cancelled,0.10,22197.94
1310,56,2026-04-08,Processing,0.00,37812.78
1311,253,2023-08-17,Shipped,0.10,24648.09
1312,171,2023-12-23,Processing,0.00,33993.61
1313,203,2026-05-02,Shipped,0.05,19935.71
1314,237,2024-12-04,Processing,0.05,33230.44
1315,16,2025-07-17,Delivered,0.05,25341.30
1316,140,2024-11-29,Cancelled,0.05,2695.83
1317,58,2024-05-18,Delivered,0.05,2787.98
1318,175,2025-07-05,Delivered,0.05,19593.62
1319,160,2025-08-21,Processing,0.10,36248.09
1320,99,2025-11-16,Shipped,0.05,26618.29
1321,106,2026-04-17,Shipped,0.00,12930.05
1322,277,2025-07-01,Delivered,0.00,760.45
1323,219,2025-09-15,Cancelled,0.10,37989.88
1324,102,2026-08-20,Processing,0.10,34409.37
1325,119,2024-10-23,Cancelled,0.00,9347.94
1326,233,2025-12-29,Processing,0.05,33398.52
1327,179,2026-08-16,Delivered,0.05,4555.61
1328,273,2026-02-20,Shipped,0.05,38785.13
1329,107,2026-06-28,Delivered,0.10,19633.74
1330,238,2026-01-22,Cancelled,0.05,63324.98
1331,112,2025-01-19,Cancelled,0.00,69585.31
1332,292,2025-12-26,Cancelled,0.00,10851.14
1333,282,2024-02-12,Processing,0.00,8668.92
1334,163,2026-05-10,Shipped,0.05,31465.77
1335,185,2026-08-31,Delivered,0.10,24927.71
1336,224,2022-11-19,Cancelled,0.10,9606.82
1337,283,2026-08-12,Delivered,0.10,28405.16
1338,211,2026-04-21,Cancelled,0.10,20402.63
1339,239,2026-04-15,Shipped,0.05,40251.25
1340,28,2024-07-20,Processing,0.05,55100.16
1341,289,2024-08-23,Delivered,0.10,16459.20
1342,249,2024-02-07,Processing,0.00,7109.25
1343,132,2022-12-08,Processing,0.10,59042.33
1344,271,2024-05-24,Cancelled,0.00,50339.82
1345,108,2026-03-23,Cancelled,0.05,36238.86
1346,200,2025-10-31,Cancelled,0.10,8901.95
1347,273,2026-08-19,Processing,0.00,16336.77
1348,124,2026-07-04,Delivered,0.05,16529.47
1349,180,2025-08-07,Shipped,0.10,15640.12
1350,45,2026-06-16,Delivered,0.10,6427.05
1351,240,2026-05-10,Processing,0.05,22009.54
1352,32,2025-12-17,Delivered,0.05,22769.93
1353,252,2023-06-03,Delivered,0.05,18275.88
1354,18,2024-06-14,Delivered,0.05,22993.09
1355,200,2025-04-01,Delivered,0.10,28637.96
1356,224,2024-05-21,Processing,0.05,55674.70
1357,29,2025-07-24,Delivered,0.05,34285.48
1358,200,2024-10-20,Shipped,0.05,29432.42
1359,256,2025-08-18,Delivered,0.05,18604.44
1360,275,2024-05-25,Delivered,0.00,43326.27
1361,89,2026-03-12,Shipped,0.10,8385.86
1362,255,2025-08-18,Shipped,0.05,27200.16
1363,172,2022-07-15,Shipped,0.10,12907.31
1364,125,2026-08-13,Delivered,0.00,45452.78
1365,214,2025-12-15,Cancelled,0.00,4886.50
1366,256,2026-01-25,Delivered,0.10,25579.40
1367,272,2024-02-24,Shipped,0.00,61543.29
1368,91,2025-08-15,Cancelled,0.00,34308.51
1369,81,2023-01-11,Processing,0.05,16049.88
1370,57,2025-12-14,Cancelled,0.00,7382.61
1371,242,2026-01-15,Shipped,0.05,31677.70
1372,100,2026-03-08,Delivered,0.05,2025.63
1373,235,2025-10-29,Shipped,0.10,1091.30
1374,45,2025-05-17,Shipped,0.00,32439.80
1375,77,2025-06-01,Cancelled,0.10,8757.65
1376,272,2025-10-28,Delivered,0.10,19357.89
1377,68,2024-11-23,Cancelled,0.10,11276.20
1378,238,2025-07-14,Processing,0.10,30355.91
1379,139,2026-07-22,Processing,0.00,75783.39
1380,239,2026-06-06,Delivered,0.10,23416.47
1381,172,2023-07-09,Processing,0.10,15208.75
1382,28,2022-12-24,Cancelled,0.10,53960.14
1383,189,2023-06-03,Cancelled,0.00,8151.68
1384,85,2024-08-31,Shipped,0.10,3990.88
1385,214,2025-12-03,Delivered,0.00,54182.58
1386,297,2025-05-30,Shipped,0.05,61419.14
1387,248,2024-08-06,Shipped,0.10,15474.25
1388,90,2026-07-31,Processing,0.05,38270.53
1389,163,2024-04-17,Shipped,0.10,2267.60
1390,208,2026-07-05,Processing,0.10,11537.28
1391,149,2026-05-24,Shipped,0.10,20572.06
1392,13,2025-10-23,Shipped,0.05,30667.33
1393,276,2026-02-10,Delivered,0.10,60232.32
1394,219,2025-08-23,Cancelled,0.10,13730.17
1395,213,2024-08-23,Delivered,0.00,25233.28
1396,269,2024-05-26,Delivered,0.05,38015.12
1397,90,2025-09-22,Cancelled,0.00,14988.10
1398,287,2026-05-23,Processing,0.05,4745.74
1399,148,2024-05-24,Delivered,0.05,17295.92
1400,298,2025-08-05,Processing,0.00,37023.54
1401,164,2026-03-06,Processing,0.05,51364.12
1402,94,2026-07-25,Processing,0.05,16145.70
1403,186,2022-09-29,Cancelled,0.05,8108.38
1404,80,2025-05-24,Delivered,0.05,8842.76
1405,68,2022-12-25,Processing,0.00,25078.58
1406,61,2023-12-02,Shipped,0.00,1895.67
1407,58,2022-09-19,Shipped,0.00,10725.88
1408,61,2024-02-03,Delivered,0.00,20039.11
1409,95,2025-09-23,Processing,0.10,9804.90
1410,257,2026-08-06,Delivered,0.10,37417.10
1411,145,2025-08-29,Delivered,0.00,49183.58
1412,110,2026-07-29,Delivered,0.05,9065.24
1413,185,2026-04-14,Cancelled,0.05,18382.20
1414,116,2025-12-13,Processing,0.00,63002.82
1415,203,2025-07-13,Shipped,0.00,36627.93
1416,103,2026-08-27,Processing,0.10,17425.01
1417,208,2025-04-04,Shipped,0.00,48052.61
1418,256,2026-06-09,Processing,0.00,17619.45
1419,267,2026-07-07,Processing,0.10,12258.74
1420,221,2024-01-26,Delivered,0.00,25043.21
1421,252,2025-03-24,Delivered,0.10,33543.43
1422,244,2026-03-28,Processing,0.05,6735.08
1423,146,2025-08-14,Shipped,0.05,23728.70
1424,195,2024-01-29,Shipped,0.00,16083.51
1425,34,2024-02-25,Processing,0.00,1148.74
1426,137,2023-10-21,Delivered,0.05,52326.54
1427,255,2025-02-10,Delivered,0.10,36468.66
1428,25,2024-01-09,Delivered,0.10,69132.80
1429,108,2025-07-30,Cancelled,0.10,45000.79
1430,213,2024-06-01,Shipped,0.10,9326.60
1431,138,2026-06-25,Shipped,0.00,69154.60
1432,211,2025-12-26,Processing,0.10,33393.07
1433,208,2024-07-26,Shipped,0.05,19364.86
1434,217,2025-11-18,Delivered,0.05,9698.70
1435,249,2026-01-24,Processing,0.00,4487.88
1436,204,2026-07-08,Processing,0.05,82130.48
1437,161,2025-06-10,Cancelled,0.05,26300.83
1438,274,2024-09-15,Processing,0.05,38731.75
1439,11,2026-06-22,Cancelled,0.05,11390.33
1440,274,2023-12-07,Shipped,0.05,29735.16
1441,163,2026-08-31,Cancelled,0.00,64754.58
1442,181,2024-08-01,Shipped,0.00,19925.68
1443,161,2024-01-21,Shipped,0.10,5495.93
1444,232,2026-01-15,Processing,0.00,37879.43
1445,11,2023-03-17,Cancelled,0.10,18491.50
1446,189,2024-01-03,Shipped,0.00,29620.80
1447,196,2024-02-05,Shipped,0.05,45776.01
1448,135,2023-12-05,Processing,0.10,25808.00
1449,217,2026-03-11,Delivered,0.05,23070.65
1450,24,2022-11-20,Processing,0.00,63991.71
1451,134,2023-11-22,Processing,0.00,29045.77
1452,256,2024-03-18,Shipped,0.05,90368.05
1453,285,2025-12-31,Shipped,0.00,4161.30
1454,84,2026-02-14,Cancelled,0.05,6519.45
1455,64,2024-09-10,Shipped,0.10,26362.95
1456,299,2026-08-17,Cancelled,0.00,30515.20
1457,169,2025-07-18,Shipped,0.00,38625.84
1458,233,2026-05-22,Processing,0.10,12929.55
1459,25,2025-12-19,Cancelled,0.00,23216.18
1460,123,2026-05-05,Processing,0.10,17766.50
1461,153,2026-06-18,Shipped,0.05,49159.80
1462,138,2026-07-26,Delivered,0.10,20063.23
2336,144,2024-02-15,Cancelled,0.00,3167.97
1463,80,2026-08-05,Delivered,0.05,63170.80
1464,154,2025-02-10,Cancelled,0.05,41161.76
1465,182,2024-06-11,Delivered,0.05,68461.57
1466,233,2026-07-04,Delivered,0.10,5222.07
1467,223,2025-04-04,Shipped,0.10,6224.13
1468,250,2025-12-16,Shipped,0.00,28234.22
1469,108,2025-12-14,Cancelled,0.05,42100.22
1470,79,2026-01-28,Cancelled,0.00,41295.71
1471,222,2025-04-27,Cancelled,0.05,14364.04
1472,32,2023-12-03,Cancelled,0.05,41754.81
1473,230,2025-07-28,Shipped,0.05,7758.96
1474,260,2023-11-02,Processing,0.05,31309.83
1475,45,2025-10-09,Cancelled,0.00,10364.38
1476,121,2025-08-09,Delivered,0.00,30881.96
1477,117,2023-01-14,Delivered,0.10,12775.35
1478,57,2025-05-03,Processing,0.00,13895.17
1479,260,2025-05-26,Cancelled,0.00,44818.83
1480,147,2026-04-13,Cancelled,0.05,25956.92
1481,272,2025-12-23,Cancelled,0.05,9606.82
1482,227,2024-03-22,Processing,0.05,8050.25
1483,32,2026-01-08,Processing,0.05,48412.15
1484,177,2023-10-01,Shipped,0.10,51986.69
1485,208,2026-01-27,Processing,0.05,9473.85
1486,110,2025-05-24,Processing,0.00,30610.74
1487,31,2026-06-15,Delivered,0.05,45202.52
1488,174,2023-12-20,Shipped,0.10,22550.44
1489,168,2026-08-20,Delivered,0.00,23739.45
1490,110,2026-05-20,Cancelled,0.05,3001.23
1491,226,2026-05-15,Cancelled,0.00,30985.46
1492,234,2026-06-14,Delivered,0.10,15356.27
1493,190,2025-06-29,Processing,0.05,26538.99
1494,74,2023-01-17,Processing,0.00,19009.69
1495,294,2026-02-05,Cancelled,0.05,49642.69
1496,167,2024-09-24,Cancelled,0.10,28780.59
1497,13,2025-04-16,Shipped,0.05,55025.08
1498,273,2025-05-08,Cancelled,0.00,14341.46
1499,24,2025-08-12,Cancelled,0.00,2297.48
1500,132,2023-05-14,Processing,0.00,23070.65
1501,79,2024-11-12,Delivered,0.05,13497.50
1502,73,2024-08-07,Shipped,0.05,44807.94
1503,138,2025-02-27,Cancelled,0.10,47234.85
1504,284,2026-02-16,Shipped,0.00,48168.06
1505,276,2026-01-29,Cancelled,0.05,29707.91
1506,180,2026-06-22,Processing,0.00,14313.67
1507,285,2025-02-05,Processing,0.10,49632.32
1508,165,2025-08-14,Delivered,0.10,38720.48
1509,3,2023-04-12,Delivered,0.10,54764.05
1510,193,2026-08-10,Delivered,0.00,13499.43
1511,184,2026-01-10,Shipped,0.00,7871.95
1512,144,2026-04-30,Cancelled,0.00,54513.50
1513,34,2025-09-27,Shipped,0.10,15864.30
1514,12,2026-05-02,Cancelled,0.05,19830.27
1515,254,2025-05-12,Cancelled,0.00,51127.18
1516,116,2025-03-21,Processing,0.05,13692.82
1517,246,2024-12-23,Shipped,0.00,27085.77
1518,28,2024-06-30,Delivered,0.00,46242.62
1519,34,2023-02-27,Cancelled,0.00,601.82
1520,151,2025-10-15,Delivered,0.05,45494.95
1521,52,2025-03-25,Delivered,0.10,58832.76
1522,182,2025-05-18,Delivered,0.00,15504.62
1523,160,2026-05-24,Shipped,0.00,73267.60
1524,177,2024-10-19,Shipped,0.10,2942.87
1525,297,2026-01-13,Cancelled,0.00,25701.81
1526,115,2024-10-24,Cancelled,0.00,7341.43
1527,186,2022-04-06,Delivered,0.00,2300.99
1528,300,2025-11-14,Processing,0.00,9491.48
1529,174,2025-10-02,Shipped,0.05,10364.38
1530,195,2024-02-26,Shipped,0.10,32937.25
1531,61,2023-06-25,Cancelled,0.10,3537.11
1532,126,2024-09-19,Processing,0.00,38868.46
1533,42,2026-06-28,Cancelled,0.00,33144.54
1534,254,2025-12-28,Shipped,0.00,3603.14
1535,112,2025-07-09,Delivered,0.00,8127.75
1536,266,2024-11-20,Processing,0.05,772.10
1537,210,2026-01-24,Shipped,0.05,22362.74
1538,43,2026-03-01,Processing,0.00,52184.36
1539,101,2026-04-01,Processing,0.00,37739.04
1540,207,2025-06-08,Shipped,0.05,24233.04
1541,175,2023-04-12,Cancelled,0.10,22421.85
1542,296,2023-09-06,Cancelled,0.05,13350.43
1543,167,2026-02-16,Shipped,0.05,3759.45
1544,105,2024-08-07,Cancelled,0.00,4817.84
1545,48,2024-05-10,Cancelled,0.00,7288.32
1546,198,2025-02-20,Delivered,0.05,14838.82
1547,88,2024-11-19,Cancelled,0.10,16250.49
1548,67,2026-05-25,Cancelled,0.00,29816.38
1549,258,2026-04-05,Shipped,0.10,59395.38
1550,237,2025-11-01,Cancelled,0.05,14707.34
1551,90,2024-12-08,Cancelled,0.05,20728.76
1552,202,2023-04-21,Processing,0.10,7758.96
1553,211,2026-08-10,Processing,0.00,64302.99
1554,14,2024-04-12,Delivered,0.10,31996.91
1555,249,2025-03-01,Shipped,0.10,36430.76
1556,143,2024-05-29,Shipped,0.05,38245.55
1557,40,2026-03-28,Processing,0.00,1278.65
1558,227,2023-09-03,Cancelled,0.00,54013.18
1559,103,2023-10-31,Processing,0.00,8757.65
1560,50,2026-02-23,Delivered,0.05,6089.53
1561,278,2025-01-27,Shipped,0.00,17237.88
1562,200,2025-02-05,Delivered,0.00,34562.72
1563,256,2023-03-17,Shipped,0.05,24994.92
1564,35,2025-12-04,Cancelled,0.10,26205.44
1565,120,2022-02-25,Processing,0.05,37038.05
1566,193,2024-11-10,Processing,0.10,60265.26
1567,13,2024-11-04,Cancelled,0.10,80845.94
1568,4,2023-06-24,Delivered,0.00,18694.70
1569,260,2023-01-17,Shipped,0.10,14800.19
1570,296,2025-06-23,Cancelled,0.05,35268.45
1571,247,2024-04-15,Shipped,0.05,50037.88
1572,233,2025-06-03,Cancelled,0.00,27204.09
1573,7,2026-04-21,Processing,0.10,32826.44
1574,20,2025-10-11,Processing,0.10,16106.24
1575,30,2026-03-31,Delivered,0.10,7916.94
1576,234,2025-07-15,Delivered,0.10,32330.14
1577,42,2024-11-28,Cancelled,0.10,65975.19
1578,56,2026-08-18,Cancelled,0.00,46169.15
1579,269,2024-11-09,Shipped,0.10,24433.90
1580,96,2024-11-10,Cancelled,0.05,3734.60
1581,41,2024-01-16,Delivered,0.05,1221.14
1582,249,2025-10-03,Delivered,0.10,1552.44
1583,109,2026-01-08,Processing,0.05,5462.99
1584,173,2024-06-23,Processing,0.00,32938.85
1585,72,2023-04-14,Cancelled,0.10,57021.90
1586,9,2026-05-08,Cancelled,0.05,3160.63
1587,220,2025-10-23,Delivered,0.00,31091.49
1588,281,2025-11-08,Shipped,0.00,7503.08
1589,55,2025-08-04,Delivered,0.10,55505.50
1590,171,2023-04-09,Shipped,0.00,15220.31
1591,45,2023-09-10,Delivered,0.10,2871.85
1592,195,2023-07-17,Processing,0.05,27567.68
1593,55,2025-06-24,Shipped,0.05,4576.95
1594,76,2025-06-04,Delivered,0.05,13900.67
1595,254,2024-12-19,Cancelled,0.10,17340.22
1596,12,2025-07-09,Cancelled,0.00,10725.95
1597,100,2026-05-17,Shipped,0.10,55906.15
1598,150,2025-10-28,Delivered,0.05,2737.09
1599,193,2025-06-26,Processing,0.10,22690.01
1600,126,2024-09-06,Processing,0.10,11634.44
1601,46,2026-07-22,Delivered,0.00,4985.45
1602,261,2023-09-18,Cancelled,0.05,40391.07
1603,197,2025-10-13,Cancelled,0.10,51674.89
1604,33,2026-08-19,Cancelled,0.05,16116.08
1605,295,2024-10-11,Processing,0.10,47484.03
1606,128,2024-12-19,Cancelled,0.00,19320.60
1607,268,2024-10-30,Processing,0.00,27973.67
1608,143,2024-03-23,Cancelled,0.00,14511.40
1609,275,2024-09-14,Processing,0.10,1136.58
1610,79,2024-11-21,Delivered,0.10,7596.69
1611,169,2026-05-28,Shipped,0.00,22245.65
1612,194,2023-11-27,Cancelled,0.00,16145.34
1613,283,2025-11-04,Cancelled,0.05,44618.79
1614,5,2026-04-07,Processing,0.10,25074.79
1615,94,2025-08-25,Shipped,0.05,38985.49
1616,209,2026-03-22,Shipped,0.00,7286.15
1617,147,2026-07-22,Cancelled,0.10,14340.50
1618,8,2025-09-28,Processing,0.00,11647.30
1619,87,2025-02-06,Processing,0.00,14200.71
1620,88,2025-01-06,Delivered,0.05,976.43
1621,136,2024-04-22,Processing,0.10,15037.80
1622,250,2025-04-08,Delivered,0.00,40384.36
1623,182,2023-01-25,Delivered,0.10,14312.24
1624,64,2025-06-20,Cancelled,0.05,29047.29
1625,220,2024-12-26,Processing,0.10,12734.50
1626,146,2024-01-18,Processing,0.00,19917.22
1627,137,2024-05-10,Cancelled,0.00,41197.16
1628,65,2022-12-04,Processing,0.05,8572.17
1629,246,2024-03-06,Shipped,0.00,42015.21
1630,127,2026-03-29,Shipped,0.00,2633.47
1631,62,2023-03-14,Shipped,0.00,29996.74
1632,269,2024-03-28,Delivered,0.05,38684.21
1633,144,2025-07-13,Processing,0.00,31541.17
1634,52,2025-09-28,Processing,0.05,29410.10
1635,283,2026-07-18,Processing,0.10,20215.03
1636,142,2025-08-10,Shipped,0.00,14938.27
1637,39,2026-06-15,Shipped,0.05,16657.05
1638,188,2024-07-09,Processing,0.10,47755.42
1639,290,2024-03-06,Cancelled,0.10,36517.52
1640,106,2025-04-15,Delivered,0.10,16164.50
1641,113,2025-10-02,Delivered,0.10,19372.55
1642,139,2024-12-24,Processing,0.00,36478.69
1643,210,2025-11-10,Processing,0.00,6369.45
1644,132,2026-05-14,Cancelled,0.00,31528.39
1645,189,2023-11-19,Shipped,0.10,40815.60
1646,11,2024-10-25,Shipped,0.00,16583.01
1647,126,2025-11-11,Cancelled,0.05,23303.48
1648,23,2025-03-24,Delivered,0.00,27323.07
1649,104,2022-12-02,Shipped,0.00,40195.37
1650,11,2023-04-30,Cancelled,0.00,13706.91
1651,117,2024-10-02,Cancelled,0.10,4028.10
1652,87,2024-06-16,Delivered,0.10,1660.38
1653,44,2025-05-09,Processing,0.10,40853.44
1654,139,2026-03-28,Cancelled,0.05,9327.39
1655,58,2025-07-09,Cancelled,0.05,22087.74
1656,247,2026-03-06,Cancelled,0.10,42117.37
1657,197,2023-07-16,Delivered,0.05,45652.69
1658,57,2025-03-17,Cancelled,0.00,28688.29
1659,71,2023-07-13,Delivered,0.05,26022.44
1660,76,2024-02-07,Delivered,0.10,18215.38
1661,241,2025-02-25,Shipped,0.00,47145.03
1662,258,2023-02-21,Cancelled,0.10,19917.22
1663,117,2024-09-25,Cancelled,0.00,603.81
1664,29,2023-03-31,Processing,0.10,25394.57
1665,85,2023-06-04,Processing,0.10,5683.65
1666,145,2025-08-25,Delivered,0.00,20008.44
1667,289,2025-11-23,Processing,0.00,17984.73
1668,257,2025-06-04,Delivered,0.10,31130.54
1669,245,2026-07-03,Cancelled,0.00,18142.00
1670,111,2026-08-30,Processing,0.05,13739.82
1671,185,2026-01-21,Delivered,0.00,40820.35
1672,8,2024-05-31,Shipped,0.05,20813.43
1673,296,2024-12-31,Processing,0.05,28137.60
1674,292,2026-07-02,Cancelled,0.10,21074.82
1675,188,2024-11-17,Delivered,0.10,65270.48
1676,54,2023-08-23,Cancelled,0.10,23068.48
1677,240,2026-04-03,Processing,0.00,11284.27
1678,109,2026-07-12,Shipped,0.05,48785.90
1679,32,2025-11-04,Cancelled,0.05,7952.22
1680,73,2022-09-03,Shipped,0.10,34719.33
1681,48,2025-10-18,Cancelled,0.10,35490.74
1682,182,2026-03-20,Shipped,0.05,9423.35
1683,78,2025-04-15,Cancelled,0.05,4256.58
1684,65,2025-08-11,Shipped,0.10,3937.11
1685,108,2025-02-20,Cancelled,0.10,62093.48
1686,181,2024-03-14,Shipped,0.10,27584.33
1687,224,2025-09-04,Delivered,0.10,919.02
1688,279,2025-10-29,Cancelled,0.00,29176.82
1689,180,2026-08-25,Processing,0.05,39303.24
1690,213,2025-12-08,Delivered,0.00,14559.12
1691,172,2023-02-20,Cancelled,0.00,21954.23
1692,207,2025-03-10,Processing,0.10,55825.00
1693,48,2023-12-02,Shipped,0.00,2862.45
1694,13,2024-04-16,Shipped,0.10,7295.67
1695,141,2024-09-02,Delivered,0.05,38245.55
1696,73,2023-11-14,Cancelled,0.00,6222.16
1697,38,2026-06-13,Processing,0.00,57526.30
1698,176,2025-10-27,Processing,0.00,20127.55
1699,266,2025-05-03,Shipped,0.00,5132.04
1700,43,2025-12-05,Processing,0.05,43390.26
1701,263,2025-11-28,Processing,0.05,15479.00
1702,106,2026-02-20,Delivered,0.10,30156.40
1703,291,2024-12-17,Cancelled,0.05,74574.47
1704,16,2024-11-29,Processing,0.00,15492.56
1705,191,2024-11-11,Cancelled,0.10,12301.76
1706,198,2025-02-19,Cancelled,0.10,16270.62
1707,102,2025-12-20,Processing,0.05,5675.44
1708,88,2025-08-27,Delivered,0.10,46105.28
1709,146,2024-07-22,Delivered,0.00,38925.34
1710,155,2025-04-23,Delivered,0.05,26183.19
1711,63,2025-03-29,Cancelled,0.00,7975.72
1712,189,2026-01-24,Delivered,0.00,17984.73
1713,169,2026-06-22,Processing,0.00,22739.10
1714,63,2026-01-26,Processing,0.05,44552.69
1715,286,2025-02-02,Cancelled,0.00,13147.98
1716,107,2025-11-28,Processing,0.05,29449.14
1717,97,2025-04-20,Delivered,0.00,41566.11
1718,124,2024-08-31,Processing,0.05,20710.02
1719,221,2024-08-04,Processing,0.00,28008.59
1720,51,2025-09-22,Cancelled,0.10,46084.84
1721,128,2024-06-08,Processing,0.00,3765.20
1722,116,2026-04-28,Shipped,0.00,34379.47
1723,2,2023-01-07,Processing,0.10,33675.39
1724,36,2023-11-11,Delivered,0.10,33691.72
1725,11,2024-01-27,Cancelled,0.10,15335.92
1726,242,2023-05-17,Processing,0.00,30596.44
1727,49,2024-08-24,Cancelled,0.05,52150.18
1728,181,2023-11-30,Delivered,0.00,74523.04
1729,183,2026-01-11,Cancelled,0.05,27385.64
1730,194,2026-03-29,Shipped,0.05,32268.28
1731,201,2026-04-07,Processing,0.10,22066.80
1732,291,2024-12-05,Shipped,0.10,6581.38
1733,250,2025-12-01,Delivered,0.00,8163.90
1734,251,2025-07-22,Delivered,0.00,8587.34
1735,146,2026-08-21,Delivered,0.05,17448.24
1736,182,2024-05-30,Cancelled,0.10,67709.31
1737,129,2023-03-21,Cancelled,0.10,15775.64
1738,50,2023-03-14,Cancelled,0.05,21567.36
1739,46,2026-06-29,Processing,0.00,9839.94
1740,202,2023-10-06,Delivered,0.05,20526.93
1741,50,2024-01-20,Shipped,0.10,43248.84
1742,115,2024-05-22,Delivered,0.00,9291.76
1743,127,2024-12-24,Cancelled,0.05,2798.06
1744,208,2025-04-03,Cancelled,0.10,15351.00
1745,75,2026-06-21,Shipped,0.00,3144.93
1746,246,2024-03-07,Cancelled,0.10,22564.33
1747,218,2024-12-31,Cancelled,0.00,4083.92
1748,228,2023-12-21,Shipped,0.05,32994.43
1749,269,2024-09-16,Shipped,0.05,46747.75
1750,35,2026-05-05,Processing,0.00,21029.68
1751,300,2026-08-05,Delivered,0.05,14815.43
1752,119,2026-05-07,Delivered,0.00,54634.09
1753,192,2023-07-05,Cancelled,0.05,3098.51
1754,130,2026-01-04,Shipped,0.00,13033.82
1755,105,2022-08-06,Delivered,0.05,9827.41
1756,107,2025-10-18,Delivered,0.05,23592.50
1757,292,2025-05-09,Delivered,0.05,24150.75
1758,12,2023-09-14,Processing,0.00,27473.45
1759,205,2026-07-20,Cancelled,0.05,3883.62
1760,174,2025-01-03,Processing,0.10,13829.83
1761,38,2026-07-22,Cancelled,0.00,63824.44
1762,19,2026-07-20,Shipped,0.10,17386.93
1763,283,2026-02-20,Shipped,0.05,23170.34
1764,60,2025-12-13,Shipped,0.05,9347.94
1765,119,2024-06-10,Delivered,0.00,12232.07
1766,145,2025-06-25,Cancelled,0.05,38920.39
1767,40,2025-08-25,Processing,0.10,57151.49
1768,278,2025-05-18,Cancelled,0.05,16186.26
1769,267,2025-01-17,Shipped,0.10,8622.20
1770,11,2025-11-15,Cancelled,0.05,1811.42
1771,197,2025-11-05,Delivered,0.00,4627.48
1772,221,2026-05-22,Processing,0.00,7919.98
1773,111,2024-11-27,Cancelled,0.10,5646.09
1774,218,2026-03-11,Processing,0.10,35959.41
1775,278,2024-10-17,Processing,0.10,43411.78
1776,158,2025-06-30,Cancelled,0.00,49252.32
1777,210,2025-03-13,Processing,0.05,35360.72
1778,90,2023-06-07,Processing,0.00,51303.24
1779,133,2025-11-19,Delivered,0.10,10828.20
1780,40,2026-01-03,Processing,0.10,24966.40
1781,145,2025-08-15,Processing,0.05,18397.42
1782,151,2023-10-28,Shipped,0.10,633.59
1783,161,2026-06-17,Shipped,0.05,29204.99
1784,115,2026-05-07,Cancelled,0.05,69968.87
1785,125,2025-10-12,Processing,0.10,14049.88
1786,210,2026-01-18,Delivered,0.05,11504.96
1787,230,2025-06-22,Shipped,0.05,6391.06
1788,147,2025-05-13,Cancelled,0.10,50798.13
1789,8,2024-06-24,Cancelled,0.10,22332.01
1790,221,2023-07-16,Cancelled,0.10,37598.51
1791,61,2024-07-23,Processing,0.05,40973.66
1792,149,2026-05-27,Shipped,0.00,51788.60
1793,195,2025-04-30,Shipped,0.05,49240.10
1794,289,2026-02-01,Delivered,0.10,16854.50
1795,266,2024-09-05,Cancelled,0.05,45823.75
1796,133,2025-06-17,Shipped,0.10,14341.46
1797,21,2026-05-30,Cancelled,0.10,20704.22
1798,57,2025-05-17,Delivered,0.05,25239.94
1799,168,2025-08-17,Delivered,0.10,31398.14
1800,286,2026-04-06,Cancelled,0.00,21868.80
1801,145,2025-08-09,Shipped,0.00,24512.24
1802,286,2026-02-14,Processing,0.10,4663.97
1803,248,2025-06-27,Cancelled,0.05,68116.96
1804,148,2024-05-29,Cancelled,0.05,8881.79
1805,204,2026-02-20,Cancelled,0.10,9117.00
1806,138,2026-05-30,Processing,0.05,8111.01
1807,201,2026-05-02,Shipped,0.05,22402.67
1808,230,2025-06-04,Shipped,0.10,14477.13
1809,277,2023-02-14,Shipped,0.05,59172.10
1810,275,2025-10-12,Shipped,0.00,27191.98
1811,257,2025-12-29,Shipped,0.00,11123.45
1812,206,2023-04-18,Shipped,0.00,28402.29
1813,160,2026-01-11,Delivered,0.05,33491.62
1814,150,2026-03-22,Processing,0.05,2132.45
1815,9,2025-12-19,Shipped,0.05,25866.25
1816,160,2026-01-16,Shipped,0.00,7741.54
1817,73,2024-07-18,Processing,0.10,24517.18
1818,165,2025-12-25,Cancelled,0.10,1207.61
1819,165,2026-04-16,Delivered,0.00,38527.45
1820,102,2026-04-23,Shipped,0.10,31207.03
1821,281,2025-09-19,Processing,0.10,13489.79
1822,73,2023-11-30,Shipped,0.05,65847.30
1823,269,2026-07-13,Delivered,0.00,13740.15
1824,49,2025-11-15,Shipped,0.00,9962.96
1825,8,2026-08-13,Processing,0.05,19360.97
1826,288,2026-02-13,Processing,0.10,15511.08
1827,170,2026-07-28,Shipped,0.00,33862.29
1828,85,2025-10-13,Shipped,0.10,3873.14
1829,168,2026-01-13,Processing,0.10,45029.49
1830,143,2024-04-21,Cancelled,0.10,16981.27
1831,188,2024-08-14,Delivered,0.00,38637.29
1832,3,2026-07-06,Processing,0.00,46699.28
1833,204,2024-04-14,Cancelled,0.05,55362.56
1834,20,2026-02-14,Shipped,0.00,5247.97
1835,29,2024-07-03,Processing,0.10,30995.13
1836,207,2025-06-19,Cancelled,0.00,17407.91
1837,89,2026-03-18,Delivered,0.10,20995.15
1838,47,2023-05-13,Processing,0.05,23761.73
1839,98,2025-12-25,Shipped,0.10,21123.57
1840,97,2025-11-15,Cancelled,0.05,14769.24
1841,297,2025-06-20,Cancelled,0.00,31512.02
1842,178,2026-01-27,Shipped,0.05,32477.35
1843,17,2022-12-17,Delivered,0.05,25468.56
1844,5,2025-07-11,Processing,0.00,18148.59
1845,225,2025-09-24,Shipped,0.05,50896.14
1846,248,2026-04-26,Cancelled,0.05,16208.93
1847,84,2025-07-31,Shipped,0.10,37895.40
1848,28,2023-02-18,Delivered,0.10,13897.27
1849,155,2025-06-29,Cancelled,0.00,3931.16
1850,285,2025-08-18,Delivered,0.05,5094.79
1851,242,2026-07-04,Shipped,0.05,19906.87
1852,202,2026-01-19,Delivered,0.00,14704.93
1853,189,2025-01-30,Shipped,0.00,44350.79
1854,109,2025-05-28,Processing,0.05,24408.08
1855,134,2025-04-21,Delivered,0.05,10345.28
1856,208,2026-02-24,Cancelled,0.10,9698.70
1857,206,2024-12-05,Delivered,0.10,36000.63
1858,172,2025-03-07,Delivered,0.00,10631.63
1859,102,2026-06-01,Processing,0.00,69870.44
1860,218,2025-07-13,Cancelled,0.05,19888.23
1861,183,2024-09-26,Cancelled,0.05,59338.61
1862,125,2026-08-10,Delivered,0.05,28955.42
1863,155,2026-02-20,Delivered,0.00,19204.13
1864,264,2026-02-24,Cancelled,0.00,15287.02
1865,142,2026-06-04,Delivered,0.05,24067.97
1866,137,2026-04-14,Processing,0.10,13366.70
1867,169,2026-04-08,Processing,0.05,18096.15
1868,108,2026-02-05,Cancelled,0.10,37891.97
1869,272,2025-09-07,Shipped,0.10,27566.44
1870,12,2026-08-29,Cancelled,0.10,17985.61
1871,112,2025-04-03,Shipped,0.10,25547.88
1872,112,2025-11-01,Shipped,0.05,27342.25
1873,231,2025-04-02,Processing,0.05,20129.52
1874,197,2026-04-28,Delivered,0.10,34362.31
1875,167,2026-03-11,Cancelled,0.10,27064.56
1876,200,2026-01-19,Shipped,0.05,11333.55
1877,296,2025-07-19,Delivered,0.10,36626.07
1878,237,2026-08-27,Cancelled,0.10,2911.82
1879,214,2024-09-27,Delivered,0.05,41341.95
1880,205,2026-04-01,Shipped,0.05,4327.19
1881,125,2026-06-08,Cancelled,0.00,33943.59
1882,228,2025-08-02,Shipped,0.10,48468.99
1883,190,2025-06-13,Processing,0.05,34702.00
1884,80,2026-01-25,Processing,0.00,42089.04
1885,187,2026-08-31,Processing,0.10,70991.83
1886,87,2026-07-18,Delivered,0.05,10725.88
1887,115,2024-05-13,Cancelled,0.10,13022.69
1888,104,2024-03-05,Delivered,0.00,60797.17
1889,132,2023-11-18,Processing,0.00,42107.37
1890,68,2025-10-25,Cancelled,0.05,38545.40
1891,38,2026-01-15,Shipped,0.10,21644.48
1892,298,2025-06-14,Cancelled,0.00,1076.93
1893,253,2026-02-26,Processing,0.10,37903.19
1894,175,2024-05-04,Cancelled,0.05,22574.84
1895,222,2026-01-16,Delivered,0.00,19942.61
1896,164,2026-08-09,Shipped,0.00,66183.04
1897,81,2024-09-09,Shipped,0.05,25544.70
1898,231,2025-09-04,Cancelled,0.05,28093.14
1899,141,2024-06-29,Cancelled,0.05,39827.50
1900,258,2024-09-16,Cancelled,0.10,8341.55
1901,200,2026-06-07,Processing,0.05,47360.64
1902,146,2024-06-11,Processing,0.10,21619.85
1903,126,2025-07-04,Processing,0.05,41596.39
1904,165,2026-05-01,Shipped,0.10,23232.29
1905,12,2023-03-27,Cancelled,0.00,34352.50
1906,9,2026-02-28,Processing,0.10,45752.90
1907,286,2026-08-07,Delivered,0.10,2047.58
1908,221,2024-12-15,Processing,0.05,21761.75
1909,206,2025-10-13,Processing,0.05,24028.12
1910,300,2025-10-11,Processing,0.00,31554.41
1911,66,2026-07-13,Processing,0.00,36162.13
1912,112,2025-08-28,Cancelled,0.00,10674.24
1913,26,2025-11-30,Delivered,0.00,19846.73
1914,108,2024-12-10,Shipped,0.00,34450.91
1915,131,2026-03-28,Cancelled,0.05,8151.68
1916,185,2025-03-06,Delivered,0.10,10734.18
1917,9,2025-05-06,Shipped,0.00,18290.10
1918,32,2024-12-28,Shipped,0.10,47704.54
1919,57,2025-06-30,Cancelled,0.10,2695.83
1920,15,2026-07-07,Delivered,0.10,7580.64
1921,277,2025-02-15,Delivered,0.00,17153.97
1922,275,2026-01-11,Cancelled,0.05,5532.26
1923,277,2025-01-22,Shipped,0.00,36778.74
1924,207,2025-02-02,Cancelled,0.10,36285.62
1925,168,2026-05-16,Delivered,0.00,31730.46
1926,18,2026-08-04,Delivered,0.10,12285.02
1927,97,2026-03-31,Delivered,0.10,42736.70
1928,96,2025-03-01,Processing,0.00,50681.85
1929,279,2025-11-11,Delivered,0.10,24731.36
1930,178,2024-03-03,Shipped,0.00,31360.46
1931,102,2026-03-11,Shipped,0.10,49732.27
1932,82,2024-08-04,Delivered,0.05,80082.09
1933,244,2026-02-08,Processing,0.00,19366.25
1934,211,2025-09-25,Cancelled,0.00,5362.94
1935,100,2025-02-08,Shipped,0.00,19668.02
1936,168,2025-03-21,Cancelled,0.05,79868.87
1937,37,2025-12-24,Shipped,0.10,16853.92
1938,116,2025-10-10,Processing,0.00,26044.26
1939,216,2023-04-20,Processing,0.05,32274.80
1940,249,2024-07-20,Cancelled,0.10,49900.07
1941,56,2026-05-17,Cancelled,0.10,41729.78
1942,226,2026-08-07,Delivered,0.00,64051.29
1943,169,2025-08-24,Processing,0.05,30866.18
1944,25,2024-03-05,Processing,0.10,27967.62
1945,256,2023-02-19,Delivered,0.10,29126.05
1946,255,2025-11-17,Cancelled,0.05,2442.28
1947,82,2024-10-13,Processing,0.10,9836.73
1948,39,2024-07-02,Cancelled,0.05,24512.24
1949,204,2024-07-15,Shipped,0.05,5057.08
1950,141,2024-07-06,Shipped,0.00,3261.39
1951,11,2026-07-05,Cancelled,0.00,20374.67
1952,134,2024-12-24,Processing,0.00,18438.53
1953,127,2024-07-22,Processing,0.00,25443.63
1954,284,2025-02-10,Cancelled,0.10,40234.36
1955,12,2025-08-02,Processing,0.00,8108.10
1956,15,2026-06-01,Processing,0.05,59606.45
1957,277,2026-04-20,Delivered,0.10,31734.15
1958,100,2025-02-08,Cancelled,0.05,17227.55
1959,176,2025-08-04,Cancelled,0.05,27952.86
1960,134,2025-03-11,Delivered,0.05,14838.82
1961,11,2026-06-23,Processing,0.00,2311.71
1962,3,2025-01-21,Shipped,0.00,19198.33
1963,275,2024-10-14,Cancelled,0.10,11178.72
1964,16,2026-05-03,Processing,0.00,1144.24
1965,52,2026-02-12,Processing,0.05,9899.83
1966,60,2026-04-10,Delivered,0.05,56226.20
1967,267,2024-04-06,Shipped,0.05,77550.20
1968,102,2026-02-07,Processing,0.10,29805.00
1969,255,2026-08-13,Shipped,0.10,25597.02
1970,25,2024-01-21,Shipped,0.10,24489.37
1971,51,2026-04-19,Shipped,0.05,1881.57
1972,196,2024-07-09,Cancelled,0.00,34748.36
1973,133,2026-05-07,Cancelled,0.05,33703.97
1974,6,2026-02-15,Delivered,0.00,18819.87
1975,94,2025-12-03,Processing,0.05,32110.27
1976,62,2024-09-02,Shipped,0.00,27576.27
1977,246,2023-03-03,Shipped,0.00,5564.56
1978,224,2025-07-28,Shipped,0.00,8738.26
1979,292,2025-03-04,Processing,0.05,1723.11
1980,195,2024-05-22,Cancelled,0.00,11218.02
1981,271,2025-02-09,Delivered,0.10,39003.34
1982,190,2022-07-03,Cancelled,0.00,1165.18
1983,291,2023-08-28,Delivered,0.00,36841.64
1984,145,2026-05-20,Cancelled,0.05,52733.23
1985,115,2024-05-01,Delivered,0.05,27451.28
1986,236,2026-05-07,Cancelled,0.10,34914.39
1987,238,2026-03-02,Shipped,0.10,27698.64
1988,238,2026-04-17,Cancelled,0.05,20762.60
1989,103,2024-07-14,Shipped,0.05,38413.94
1990,291,2023-12-13,Shipped,0.05,39564.32
1991,67,2026-02-03,Delivered,0.00,26636.78
1992,28,2024-06-25,Shipped,0.00,15356.01
1993,162,2026-04-21,Delivered,0.10,22669.66
1994,213,2022-10-29,Shipped,0.00,21270.78
1995,50,2026-08-29,Cancelled,0.05,9606.82
1996,226,2026-03-23,Delivered,0.00,49485.78
1997,77,2022-10-28,Cancelled,0.00,33259.26
1998,263,2025-09-28,Cancelled,0.05,32657.32
1999,235,2023-12-07,Delivered,0.05,4006.52
2000,195,2025-09-16,Processing,0.10,2699.37
2001,68,2024-10-29,Delivered,0.10,94813.95
2002,66,2025-04-25,Delivered,0.00,8993.78
2003,39,2023-06-11,Delivered,0.10,31778.18
2004,103,2023-10-10,Cancelled,0.10,6128.06
2005,41,2024-07-26,Shipped,0.05,21517.85
2006,95,2026-08-09,Processing,0.00,18215.38
2007,39,2024-06-11,Cancelled,0.10,7746.28
2008,260,2026-03-13,Delivered,0.10,14312.57
2009,83,2025-11-05,Delivered,0.10,31728.59
2010,7,2026-08-17,Processing,0.05,86509.25
2011,256,2024-04-26,Shipped,0.00,24011.79
2012,239,2026-03-18,Cancelled,0.05,40828.94
2013,196,2024-03-15,Shipped,0.00,15834.66
2014,242,2023-08-07,Processing,0.10,6824.18
2015,250,2026-07-05,Delivered,0.05,20612.75
2016,73,2023-08-09,Processing,0.10,18528.47
2017,67,2025-06-10,Cancelled,0.00,3533.09
2018,214,2024-09-13,Cancelled,0.05,7358.97
2019,100,2024-10-07,Shipped,0.05,61144.44
2020,161,2026-06-17,Processing,0.00,12309.24
2021,137,2024-01-25,Cancelled,0.00,16750.55
2022,183,2026-05-17,Shipped,0.10,24941.27
2023,32,2024-11-28,Shipped,0.00,31220.90
2024,216,2023-06-04,Cancelled,0.05,11961.58
2025,142,2025-07-28,Delivered,0.05,42166.67
2026,73,2024-01-20,Delivered,0.10,29302.39
2027,262,2023-01-08,Shipped,0.00,22991.97
2028,42,2026-03-02,Cancelled,0.10,33942.29
2029,107,2025-02-10,Shipped,0.00,11295.60
2030,116,2025-07-12,Shipped,0.00,1736.42
2031,199,2025-10-21,Delivered,0.10,13666.83
2032,21,2024-07-03,Processing,0.10,24674.80
2033,78,2025-09-21,Processing,0.10,1290.91
2034,132,2024-09-24,Delivered,0.10,10457.48
2035,229,2025-11-20,Shipped,0.00,28005.32
2036,156,2025-03-28,Delivered,0.05,23348.50
2037,171,2023-03-04,Cancelled,0.05,50670.62
2038,40,2026-02-28,Delivered,0.00,3093.81
2039,228,2025-11-14,Processing,0.00,32161.71
2040,153,2025-03-08,Cancelled,0.00,18000.31
2041,90,2022-09-09,Processing,0.05,11030.51
2042,79,2024-08-10,Delivered,0.05,24896.52
2043,90,2022-09-07,Processing,0.00,5477.01
2044,23,2026-06-08,Delivered,0.10,28644.05
2045,279,2025-11-30,Processing,0.05,5229.03
2046,240,2024-08-07,Cancelled,0.00,20554.79
2047,171,2024-01-10,Processing,0.10,29603.76
2048,106,2025-11-18,Delivered,0.10,7444.00
2049,282,2024-09-28,Cancelled,0.00,28731.38
2050,55,2025-01-02,Delivered,0.10,17141.60
2051,156,2024-05-21,Delivered,0.00,32072.41
2052,217,2026-05-02,Processing,0.05,54157.85
2053,252,2022-12-27,Delivered,0.05,43218.21
2054,14,2025-02-21,Processing,0.10,7783.16
2055,49,2025-08-22,Processing,0.10,4103.68
2056,211,2025-09-02,Delivered,0.10,3379.76
2057,238,2025-12-01,Shipped,0.05,63118.53
2058,149,2025-12-18,Cancelled,0.05,11830.25
2059,91,2026-06-25,Cancelled,0.00,4109.89
2060,52,2024-03-31,Delivered,0.05,3591.00
2061,11,2026-01-08,Cancelled,0.00,62745.78
2062,184,2026-06-04,Delivered,0.10,22755.59
2063,280,2024-08-09,Shipped,0.00,60489.23
2064,201,2025-02-15,Processing,0.10,38681.20
2065,71,2024-08-30,Cancelled,0.05,5362.94
2066,89,2024-10-27,Delivered,0.10,37182.41
2067,186,2023-06-21,Delivered,0.00,10932.29
2068,231,2026-07-06,Cancelled,0.10,2872.80
2069,267,2025-05-14,Delivered,0.10,35077.10
2070,143,2025-09-16,Processing,0.05,14484.19
2071,287,2026-08-03,Delivered,0.05,37840.53
2072,148,2025-05-22,Processing,0.10,47565.91
2073,136,2026-06-19,Processing,0.10,24916.85
2074,237,2025-11-13,Cancelled,0.05,50780.16
2075,139,2026-06-06,Processing,0.00,42310.88
2076,35,2025-07-07,Cancelled,0.00,7011.74
2077,251,2024-06-12,Delivered,0.05,29174.13
2078,143,2024-02-09,Delivered,0.00,26410.95
2079,221,2024-10-01,Processing,0.10,2665.56
2080,12,2025-07-20,Delivered,0.10,25826.56
2081,64,2023-04-09,Cancelled,0.10,19084.72
2082,144,2024-03-01,Cancelled,0.05,8725.83
2083,42,2026-02-21,Shipped,0.10,71450.51
2084,165,2023-10-27,Processing,0.00,36842.84
2085,87,2026-02-08,Cancelled,0.05,4875.44
2086,195,2026-03-01,Delivered,0.05,6015.12
2087,293,2025-05-31,Delivered,0.05,14037.89
2088,138,2026-01-06,Shipped,0.00,7871.70
2089,118,2024-11-12,Cancelled,0.00,49471.45
2090,143,2024-07-18,Delivered,0.00,28627.08
2091,148,2025-02-16,Delivered,0.00,18373.03
2092,274,2023-04-21,Shipped,0.00,17555.70
2093,140,2025-06-21,Cancelled,0.00,37417.10
2094,80,2026-05-10,Processing,0.05,15351.00
2095,57,2025-09-26,Cancelled,0.00,5823.43
2096,271,2026-07-18,Processing,0.10,56646.83
2097,269,2024-10-21,Delivered,0.00,29933.68
2098,60,2026-03-08,Cancelled,0.00,5518.15
2099,76,2024-07-29,Cancelled,0.05,44392.72
2100,105,2025-01-02,Shipped,0.10,8757.65
2101,28,2024-08-03,Cancelled,0.00,56030.71
2102,170,2024-06-06,Processing,0.00,22349.45
2103,13,2026-01-27,Processing,0.05,59730.82
2104,250,2026-04-28,Cancelled,0.10,90264.96
2105,73,2026-07-23,Processing,0.05,27576.27
2106,156,2023-04-13,Shipped,0.05,7074.21
2107,108,2024-08-09,Cancelled,0.00,3071.26
2108,253,2023-04-04,Processing,0.05,20786.78
2109,270,2025-07-22,Cancelled,0.05,74433.24
2110,208,2024-01-16,Shipped,0.00,34539.09
2111,205,2025-12-28,Delivered,0.05,39455.09
2112,213,2024-10-25,Processing,0.00,25268.79
2113,110,2026-04-09,Shipped,0.10,15927.33
2114,52,2023-10-15,Cancelled,0.05,2778.06
2115,2,2025-02-17,Processing,0.10,16470.38
2116,21,2024-04-23,Delivered,0.00,9280.82
2117,56,2024-07-24,Processing,0.00,63437.91
2118,115,2025-02-11,Shipped,0.10,14937.91
2119,261,2024-03-03,Shipped,0.05,54792.22
2120,41,2022-09-23,Processing,0.10,45741.69
2121,210,2025-05-18,Cancelled,0.00,71436.10
2122,17,2023-09-23,Shipped,0.05,23881.24
2123,291,2024-01-06,Delivered,0.05,18268.58
2124,72,2024-06-26,Processing,0.10,34639.90
2125,2,2023-01-28,Processing,0.10,17361.37
2126,21,2025-12-07,Cancelled,0.10,53023.74
2127,214,2026-08-13,Cancelled,0.05,54710.50
2128,297,2025-02-28,Cancelled,0.00,13156.69
2129,25,2022-10-13,Processing,0.10,36016.51
2130,298,2024-11-04,Shipped,0.00,36239.55
2131,169,2026-06-01,Shipped,0.10,2681.47
2132,150,2026-07-24,Delivered,0.05,32460.30
2133,80,2026-06-07,Processing,0.00,7279.56
2134,63,2025-12-13,Processing,0.00,55433.75
2135,10,2025-05-03,Shipped,0.10,6142.51
2136,180,2025-05-02,Shipped,0.00,49210.08
2137,117,2026-01-16,Delivered,0.00,22022.12
2138,293,2025-06-10,Delivered,0.05,1800.74
2139,50,2025-10-03,Processing,0.00,26639.65
2140,126,2025-06-18,Shipped,0.05,15812.88
2141,272,2025-08-27,Processing,0.05,3405.26
2142,168,2025-09-15,Processing,0.05,47340.34
2143,296,2024-02-25,Processing,0.10,40155.92
2144,207,2026-05-29,Processing,0.05,37270.48
2145,36,2023-06-16,Processing,0.00,40124.20
2146,172,2023-02-15,Delivered,0.05,3007.56
2147,261,2023-10-16,Shipped,0.00,32617.69
2148,99,2026-07-21,Processing,0.05,40584.37
2149,131,2026-03-06,Shipped,0.10,12801.68
2150,298,2024-07-31,Cancelled,0.00,13385.25
2151,295,2023-08-21,Shipped,0.00,14600.59
2152,167,2025-08-19,Cancelled,0.05,27931.19
2153,251,2025-05-17,Delivered,0.00,32296.97
2154,105,2024-09-22,Processing,0.00,1939.86
2155,272,2023-12-24,Processing,0.00,51555.68
2156,69,2025-09-09,Shipped,0.00,34591.84
2157,51,2026-01-14,Processing,0.05,29789.89
2158,271,2024-04-24,Cancelled,0.10,18357.86
2159,100,2024-12-07,Processing,0.10,35406.96
2160,50,2024-07-21,Processing,0.05,4585.38
2161,117,2024-10-10,Cancelled,0.05,24710.37
2162,281,2025-10-12,Delivered,0.10,11903.41
2163,231,2025-05-26,Delivered,0.00,976.43
2164,244,2026-06-01,Cancelled,0.05,21869.47
2165,295,2025-03-06,Cancelled,0.10,7651.59
2166,50,2025-12-09,Shipped,0.00,35048.13
2167,32,2026-05-03,Delivered,0.10,905.90
2168,154,2026-02-20,Cancelled,0.00,15029.33
2169,273,2025-05-03,Cancelled,0.00,53953.17
2170,267,2025-08-08,Cancelled,0.00,20506.83
2171,162,2024-06-28,Delivered,0.10,24645.09
2172,274,2023-03-29,Shipped,0.00,23981.90
2173,124,2026-02-17,Shipped,0.00,45290.40
2174,106,2025-03-01,Cancelled,0.00,30640.30
2175,236,2026-01-01,Processing,0.00,34926.55
2176,98,2026-06-22,Processing,0.00,2533.96
2177,181,2023-12-24,Shipped,0.00,40913.15
2178,148,2024-10-22,Cancelled,0.00,16150.47
2179,14,2024-03-14,Processing,0.10,33349.95
2180,208,2024-12-15,Delivered,0.05,56331.04
2181,22,2025-12-13,Cancelled,0.10,63112.59
2182,65,2022-06-01,Cancelled,0.05,710.36
2183,134,2026-06-13,Shipped,0.10,41605.51
2184,138,2025-09-01,Cancelled,0.10,13359.41
2185,268,2026-01-22,Cancelled,0.00,55279.39
2186,43,2026-05-26,Cancelled,0.00,17377.75
2187,22,2024-12-04,Shipped,0.10,26302.13
2188,194,2024-05-20,Delivered,0.00,54478.19
2189,124,2026-03-07,Delivered,0.10,63699.95
2190,149,2026-03-16,Processing,0.10,36349.53
2191,114,2024-11-10,Cancelled,0.10,4902.45
2192,102,2026-01-12,Cancelled,0.00,21856.01
2193,259,2025-02-15,Delivered,0.00,31960.29
2194,16,2026-03-27,Shipped,0.10,33691.72
2195,194,2024-07-12,Cancelled,0.00,8510.16
2196,189,2026-06-21,Delivered,0.10,49256.66
2197,277,2024-08-25,Cancelled,0.05,21021.66
2198,100,2024-11-20,Processing,0.05,43133.51
2199,48,2024-10-28,Cancelled,0.10,15420.70
2200,173,2023-09-24,Delivered,0.00,25879.71
2201,10,2025-03-19,Processing,0.05,23620.40
2202,198,2024-05-30,Processing,0.00,14330.22
2203,293,2024-10-01,Processing,0.05,34391.66
2204,124,2025-06-22,Shipped,0.05,32650.59
2205,192,2024-01-15,Delivered,0.10,1572.99
2206,149,2025-01-29,Cancelled,0.10,45836.08
2207,283,2026-05-13,Cancelled,0.10,65212.00
2208,170,2026-07-07,Processing,0.10,7710.35
2209,98,2025-12-13,Cancelled,0.05,1881.57
2210,12,2025-07-29,Delivered,0.10,59023.28
2211,159,2025-05-28,Shipped,0.10,41758.56
2212,2,2024-06-02,Processing,0.00,29379.53
2213,184,2026-07-09,Processing,0.05,9580.86
2214,8,2025-08-03,Processing,0.10,3843.94
2215,99,2025-10-27,Processing,0.10,33372.58
2216,245,2024-06-21,Cancelled,0.05,16379.01
2217,199,2026-05-30,Shipped,0.10,3786.86
2218,34,2024-07-18,Processing,0.00,30367.25
2219,268,2023-12-15,Processing,0.05,3892.45
2220,227,2024-12-25,Cancelled,0.05,15925.14
2221,177,2023-10-24,Delivered,0.05,45708.75
2222,35,2025-07-13,Delivered,0.00,12391.04
2223,104,2024-01-27,Shipped,0.00,38411.57
2224,84,2024-02-23,Processing,0.00,19704.52
2225,193,2024-08-17,Processing,0.05,6842.72
2226,297,2025-05-09,Delivered,0.00,3791.34
2227,28,2023-12-14,Delivered,0.00,47524.99
2228,96,2024-02-26,Shipped,0.00,2909.61
2229,266,2026-07-05,Cancelled,0.00,30594.08
2230,59,2026-04-17,Delivered,0.05,12336.22
2231,253,2026-07-23,Shipped,0.05,61494.48
2232,187,2023-10-29,Processing,0.05,22670.22
2233,202,2025-02-09,Delivered,0.10,37903.19
2234,38,2026-07-01,Delivered,0.10,32371.73
2235,221,2026-06-10,Delivered,0.10,5371.66
2236,129,2025-04-21,Delivered,0.10,4595.67
2237,232,2026-06-16,Cancelled,0.05,39345.22
2238,277,2024-01-22,Cancelled,0.00,12463.92
2239,254,2026-04-26,Cancelled,0.10,38241.93
2240,265,2026-06-10,Processing,0.10,1135.09
2241,96,2025-01-24,Processing,0.10,46084.49
2242,64,2023-09-04,Processing,0.00,8947.30
2243,202,2024-02-27,Shipped,0.10,12858.49
2244,201,2025-09-19,Processing,0.05,22844.85
2245,168,2025-09-17,Shipped,0.10,19923.69
2246,53,2024-06-13,Processing,0.05,36204.65
2247,165,2026-06-09,Delivered,0.00,10340.88
2248,25,2023-06-22,Processing,0.00,56874.89
2249,56,2024-11-23,Shipped,0.05,16312.34
2250,219,2025-11-11,Delivered,0.05,1874.56
2251,91,2026-01-14,Delivered,0.10,59166.91
2252,4,2024-08-21,Cancelled,0.00,30425.84
2253,214,2024-03-04,Processing,0.05,41375.93
2254,173,2025-04-04,Processing,0.05,31267.58
2255,258,2022-12-18,Shipped,0.00,11334.29
2256,158,2025-10-13,Processing,0.00,31716.89
2257,175,2025-06-29,Cancelled,0.10,12880.40
2258,146,2025-07-10,Cancelled,0.00,58832.04
2259,230,2025-08-07,Processing,0.00,52816.98
2260,279,2025-11-01,Processing,0.10,7571.70
2261,5,2026-07-18,Processing,0.05,14490.45
2262,177,2023-11-03,Processing,0.05,47101.66
2263,186,2025-05-11,Delivered,0.10,31032.50
2264,284,2025-02-27,Cancelled,0.00,8667.81
2265,102,2026-04-25,Shipped,0.10,16304.78
2266,88,2026-08-25,Delivered,0.10,6443.45
2267,122,2024-03-01,Processing,0.05,21950.37
2268,238,2026-07-12,Shipped,0.00,12285.02
2269,130,2026-06-30,Cancelled,0.00,38711.21
2270,36,2023-11-01,Cancelled,0.10,13476.69
2271,252,2024-08-23,Shipped,0.00,3646.03
2272,69,2026-03-06,Processing,0.10,35156.74
2273,179,2024-08-01,Delivered,0.00,11130.74
2274,121,2026-02-08,Shipped,0.10,67242.40
2275,77,2025-10-21,Processing,0.10,48712.78
2276,101,2025-10-17,Shipped,0.05,105215.33
2277,60,2025-08-17,Cancelled,0.10,28039.50
2278,46,2024-09-12,Shipped,0.00,5141.64
2279,229,2023-04-08,Shipped,0.05,15848.71
2280,275,2023-08-21,Delivered,0.00,92999.55
2281,269,2023-04-23,Processing,0.05,14282.88
2282,188,2023-12-20,Shipped,0.10,24709.37
2283,50,2023-09-15,Processing,0.10,22705.09
2284,67,2024-07-20,Shipped,0.00,6563.62
2285,217,2026-01-02,Processing,0.00,33726.74
2286,44,2026-06-10,Processing,0.10,20919.08
2287,164,2025-11-23,Processing,0.00,5823.65
2288,9,2026-04-20,Processing,0.10,45322.71
2289,179,2025-06-27,Shipped,0.05,36327.54
2290,57,2025-03-01,Shipped,0.00,27939.74
2291,47,2025-01-30,Delivered,0.10,13423.85
2292,55,2024-10-14,Cancelled,0.05,38893.57
2293,237,2026-08-08,Processing,0.05,8422.93
2294,154,2024-11-01,Cancelled,0.00,7243.51
2295,219,2026-07-31,Delivered,0.05,35134.65
2296,81,2025-05-01,Delivered,0.10,22079.33
2297,10,2025-03-08,Cancelled,0.00,2557.30
2298,35,2025-04-24,Cancelled,0.00,37515.42
2299,135,2025-11-21,Processing,0.10,22844.85
2300,34,2024-03-20,Delivered,0.10,2213.94
2301,271,2025-09-07,Processing,0.00,42503.02
2302,77,2023-05-31,Shipped,0.00,13655.86
2303,94,2025-01-03,Delivered,0.00,77007.76
2304,221,2024-03-08,Cancelled,0.10,6842.72
2305,211,2025-08-13,Delivered,0.00,14237.22
2306,58,2022-10-01,Delivered,0.00,55317.79
2307,156,2026-03-19,Processing,0.10,2909.61
2308,260,2024-09-13,Delivered,0.05,12658.63
2309,48,2024-05-27,Processing,0.10,6427.05
2310,81,2025-09-24,Shipped,0.05,60802.74
2311,26,2024-11-27,Delivered,0.05,28511.34
2312,182,2025-05-30,Shipped,0.00,5675.44
2313,171,2026-01-25,Processing,0.10,5867.91
2314,193,2025-05-12,Shipped,0.00,59608.49
2315,288,2025-11-01,Processing,0.10,14481.46
2316,278,2025-07-01,Shipped,0.05,15469.07
2317,22,2025-08-16,Shipped,0.10,29536.31
2318,12,2025-12-10,Shipped,0.00,18384.18
2319,84,2026-06-12,Shipped,0.05,9542.36
2320,175,2023-11-05,Delivered,0.05,2474.40
2321,185,2025-02-02,Cancelled,0.05,41639.58
2322,149,2025-01-17,Delivered,0.05,13534.02
2323,265,2023-12-01,Delivered,0.05,72622.98
2324,140,2023-01-15,Shipped,0.05,3522.14
2325,280,2024-11-17,Processing,0.10,10805.83
2326,168,2026-02-21,Shipped,0.00,30933.75
2327,127,2025-12-22,Cancelled,0.00,24223.68
2328,211,2026-07-14,Cancelled,0.05,6497.89
2329,294,2026-01-27,Processing,0.00,40263.86
2330,193,2026-03-14,Delivered,0.05,25884.40
2331,8,2026-04-24,Delivered,0.10,52313.20
2332,114,2025-01-01,Shipped,0.10,36382.79
2333,149,2024-06-06,Processing,0.00,15871.53
2334,83,2026-01-06,Shipped,0.05,9846.16
2335,160,2026-02-20,Cancelled,0.00,25593.35
2337,243,2025-12-31,Processing,0.05,30109.28
2338,70,2025-01-16,Delivered,0.00,28062.28
2339,246,2024-06-22,Cancelled,0.10,8587.34
2340,87,2025-11-27,Shipped,0.10,10293.35
2341,138,2025-02-13,Processing,0.05,7651.59
2342,75,2024-01-04,Shipped,0.10,7530.40
2343,44,2026-06-30,Shipped,0.00,28776.06
2344,38,2026-06-07,Shipped,0.00,45744.08
2345,17,2024-06-24,Processing,0.00,41235.47
2346,54,2024-11-24,Processing,0.10,22406.87
2347,89,2024-03-18,Shipped,0.10,54875.70
2348,112,2025-12-04,Cancelled,0.10,19338.65
2349,291,2026-03-26,Processing,0.05,88803.22
2350,54,2023-07-20,Cancelled,0.10,13387.95
2351,68,2024-01-11,Shipped,0.00,35145.81
2352,201,2025-07-14,Shipped,0.00,61568.23
2353,8,2024-07-13,Delivered,0.10,5182.19
2354,223,2026-04-09,Cancelled,0.10,737.98
2355,281,2024-10-11,Shipped,0.10,24001.94
2356,44,2026-08-30,Shipped,0.00,7239.97
2357,162,2023-08-01,Delivered,0.05,5823.65
2358,190,2023-11-08,Delivered,0.05,48414.32
2359,138,2025-03-31,Processing,0.00,6209.77
2360,145,2025-06-03,Processing,0.10,42223.73
2361,189,2026-03-15,Shipped,0.05,12165.40
2362,274,2025-10-15,Cancelled,0.10,42565.83
2363,271,2026-03-20,Processing,0.05,88670.14
2364,12,2026-05-02,Shipped,0.05,26156.65
2365,284,2024-07-01,Cancelled,0.05,25282.26
2366,71,2025-08-10,Shipped,0.05,40227.18
2367,224,2023-08-13,Cancelled,0.05,5495.93
2368,28,2026-08-04,Processing,0.05,26183.77
2369,223,2026-08-16,Shipped,0.05,18198.90
2370,26,2023-10-06,Shipped,0.00,36897.99
2371,258,2023-02-26,Shipped,0.00,35878.08
2372,124,2024-11-15,Processing,0.00,7881.89
2373,180,2026-08-12,Delivered,0.10,36175.92
2374,219,2024-10-31,Delivered,0.05,8480.22
2375,8,2024-01-10,Processing,0.10,28294.27
2376,291,2025-11-28,Processing,0.00,55883.76
2377,242,2023-05-29,Shipped,0.05,33623.46
2378,37,2025-02-14,Cancelled,0.00,19251.13
2379,240,2024-04-25,Shipped,0.05,29660.86
2380,208,2026-04-25,Shipped,0.10,29014.96
2381,281,2025-05-24,Processing,0.05,9213.61
2382,172,2022-06-24,Cancelled,0.10,24301.04
2383,187,2026-01-15,Delivered,0.10,43938.25
2384,55,2024-06-28,Delivered,0.00,16951.57
2385,49,2026-01-19,Shipped,0.00,49353.09
2386,190,2023-08-07,Shipped,0.00,5750.48
2387,31,2024-02-15,Processing,0.00,8757.65
2388,178,2026-02-13,Cancelled,0.00,28919.53
2389,238,2025-04-14,Delivered,0.00,30402.25
2390,111,2025-09-06,Delivered,0.00,24984.72
2391,33,2024-02-16,Processing,0.05,54544.55
2392,76,2022-04-23,Delivered,0.10,24247.42
2393,281,2024-09-16,Cancelled,0.05,14620.70
2394,246,2025-05-13,Processing,0.10,11234.99
2395,11,2023-02-03,Delivered,0.00,40346.42
2396,38,2026-06-16,Shipped,0.05,3663.42
2397,236,2026-07-11,Shipped,0.00,17690.22
2398,49,2024-07-24,Cancelled,0.10,43343.10
2399,3,2026-04-04,Cancelled,0.05,55561.30
2400,145,2026-05-16,Processing,0.10,33790.16
2401,217,2026-04-08,Shipped,0.05,6224.13
2402,73,2024-11-07,Cancelled,0.00,26315.89
2403,228,2024-05-16,Delivered,0.00,9190.58
2404,51,2026-07-25,Delivered,0.10,38866.48
2405,55,2026-07-16,Processing,0.05,29933.68
2406,292,2026-06-07,Delivered,0.05,27395.18
2407,35,2026-07-09,Processing,0.05,13331.39
2408,264,2025-08-02,Delivered,0.00,5362.94
2409,275,2024-04-11,Cancelled,0.05,36555.82
2410,269,2023-02-19,Shipped,0.10,22332.01
2411,66,2025-02-11,Processing,0.00,30754.91
2412,191,2026-06-21,Delivered,0.05,1475.96
2413,130,2025-06-23,Shipped,0.05,3457.79
2414,204,2025-10-20,Shipped,0.00,16399.90
2415,46,2025-07-16,Shipped,0.00,37346.22
2416,278,2026-04-08,Delivered,0.00,50021.59
2417,8,2025-06-02,Processing,0.05,26538.67
2418,197,2024-05-18,Processing,0.10,74186.55
2419,19,2026-03-28,Shipped,0.10,56546.71
2420,155,2025-11-18,Shipped,0.05,16303.36
2421,46,2025-03-15,Shipped,0.10,13931.10
2422,78,2023-04-14,Delivered,0.10,29395.44
2423,123,2026-03-18,Shipped,0.10,42563.91
2425,18,2026-07-08,Processing,0.05,44730.85
2426,256,2024-06-28,Processing,0.00,28970.44
2427,139,2025-12-09,Processing,0.00,76137.13
2428,147,2025-07-10,Processing,0.10,1023.79
2429,95,2025-12-30,Delivered,0.00,71396.36
2430,70,2024-02-05,Processing,0.00,16890.91
2431,127,2024-09-19,Delivered,0.05,25639.01
2432,235,2024-09-30,Delivered,0.05,6501.74
2433,73,2022-12-17,Delivered,0.10,3001.23
2434,108,2025-08-15,Delivered,0.05,44185.75
2435,271,2025-06-15,Cancelled,0.05,14094.86
2436,97,2025-08-27,Processing,0.00,7237.05
2437,189,2024-11-16,Processing,0.00,26956.96
2438,62,2024-11-04,Delivered,0.00,17470.29
2439,85,2023-04-25,Processing,0.05,14019.75
2440,91,2026-05-30,Cancelled,0.00,16145.70
2441,181,2025-12-03,Shipped,0.10,15260.76
2442,148,2024-02-04,Cancelled,0.00,3402.46
2443,241,2025-11-15,Delivered,0.10,26977.10
2444,62,2025-04-17,Delivered,0.00,12391.04
2445,203,2024-08-01,Delivered,0.05,10818.49
2446,274,2024-01-20,Shipped,0.00,6995.26
2447,83,2026-06-20,Processing,0.00,2767.30
2448,92,2025-01-18,Processing,0.10,20255.17
2449,246,2023-12-06,Processing,0.05,18826.00
2450,54,2026-08-27,Processing,0.00,11647.30
2451,288,2025-10-24,Cancelled,0.00,1634.15
2452,205,2025-06-16,Processing,0.05,57610.00
2453,35,2026-01-07,Delivered,0.10,8054.31
2454,220,2025-03-28,Cancelled,0.10,3195.53
2455,281,2025-12-08,Processing,0.00,9048.58
2456,37,2026-06-01,Processing,0.00,2668.56
2457,207,2025-08-05,Shipped,0.05,56959.34
2458,41,2025-10-09,Cancelled,0.10,2703.81
2459,296,2025-12-08,Processing,0.00,23982.39
2460,169,2025-12-10,Processing,0.00,18982.96
2461,24,2023-09-30,Delivered,0.05,9028.59
2462,145,2026-03-18,Cancelled,0.05,34722.42
2463,255,2024-07-17,Cancelled,0.00,53964.54
2464,18,2024-12-20,Shipped,0.05,27314.03
2465,140,2025-10-05,Processing,0.00,6537.45
2466,165,2024-11-09,Delivered,0.00,3001.23
2467,83,2026-06-30,Shipped,0.05,9839.17
2468,161,2025-03-21,Cancelled,0.00,52235.51
2469,150,2026-08-31,Processing,0.10,27952.86
2470,125,2026-06-27,Processing,0.00,68924.92
2471,115,2023-10-16,Processing,0.00,45841.45
2472,5,2026-07-22,Processing,0.10,24636.69
2473,212,2024-08-17,Delivered,0.00,17304.14
2474,156,2025-05-09,Delivered,0.00,4988.60
2475,70,2023-05-26,Processing,0.10,8301.80
2476,170,2026-08-11,Shipped,0.00,5839.41
2477,97,2025-11-01,Processing,0.00,17236.05
2478,98,2026-05-15,Shipped,0.05,2668.56
2479,136,2025-05-23,Shipped,0.10,553.46
2480,277,2023-03-03,Shipped,0.10,8745.98
2481,79,2026-06-28,Processing,0.00,39388.96
2482,117,2025-05-14,Cancelled,0.05,25715.61
2483,173,2026-06-28,Shipped,0.10,6195.52
2484,9,2024-12-13,Shipped,0.00,36970.56
2485,210,2026-05-07,Delivered,0.05,16881.83
2486,178,2026-08-29,Delivered,0.00,28358.60
2487,250,2025-08-02,Shipped,0.00,9016.91
2488,35,2026-08-13,Processing,0.00,14591.66
2489,280,2025-02-08,Shipped,0.05,14019.05
2490,278,2024-08-08,Shipped,0.05,14751.50
2491,198,2025-10-04,Delivered,0.00,16722.94
2492,45,2023-05-01,Delivered,0.00,20750.34
2493,26,2023-10-28,Shipped,0.05,37517.31
2494,92,2026-06-03,Cancelled,0.05,25425.18
2495,113,2026-06-26,Shipped,0.00,27347.63
2496,165,2025-03-01,Processing,0.05,29598.34
2497,261,2025-10-24,Cancelled,0.10,15243.60
2498,161,2024-08-28,Processing,0.05,37864.54
2499,232,2026-02-04,Delivered,0.05,23772.59
2500,278,2024-03-14,Processing,0.10,11646.86
