payment_id,order_id,payment_date,payment_method,payment_amount,payment_status
11001,1001,2026-07-15,Credit Card,70067.01,Paid
11002,1002,2023-03-05,Debit Card,33013.57,Pending
11003,1003,2026-06-11,Credit Card,39027.45,Refunded
11004,1004,2025-02-03,Net Banking,35009.82,Refunded
11005,1005,2026-08-25,Debit Card,2027.86,Paid
11006,1006,13-05-2026,Credit Card,26316.93,Pending
11007,1007,2026-06-01,UPI,38255.55,Paid
11008,1008,2024-09-04,upi,2151.51,Pending
11009,1009,2026-03-17,Net Banking,11373.18,Pending
11010,1010,2024-11-01,Debit Card,62439.39,Pending
11011,1011,2025-03-08,Credit Card,34522.56,Paid
11012,1012,2022-09-15,Net Banking,45591.46,refunded
11013,1013,2024-05-14,UPI,36817.88,Paid
11014,1014,2026-02-12,UPI,16269.47,Refunded
11015,1015,2026-08-17,UPI,31668.17,Paid
11016,1016,2024-08-18,UPI,4424.38,Paid
11017,1017,2024-09-28,Credit Card,61318.15,Refunded
11018,1018,2025-08-10,Debit Card,54728.53,Paid
11019,1019,2025-02-05,Credit Card,58331.11,Paid
11020,1020,2025-07-16,Credit Card,29066.62,Refunded
11021,1021,2026-08-06,Debit Card,49772.28,Paid
11022,1022,2026-07-09,Debit Card,47885.92,Paid
11023,1023,2025-11-24,Credit Card,61743.01,Pending
11024,1024,2025-03-17,Credit Card,70263.12,Paid
11025,1025,2026-05-23,Net Banking,6182.84,Paid
11026,1026,11/25/2022,UPI,29707.79,Paid
11027,1027,2026-08-30,Credit Card,20728.76,Pending
11028,1028,2025-08-15, NET BANKING ,41539.16,Pending
11029,1029,2025-05-24,Credit Card,25824.28,Paid
11030,1030,2026-03-21,Credit Card,21895.21,Paid
11031,1031,2025-02-04,UPI,23759.77,Pending
11032,1032,2026-04-03,Debit Card,4251.67, PAID 
11033,1033,2026-03-30,Credit Card,21804.29,Paid
11034,1034,2026-05-11,Net Banking,22556.9,Paid
11035,1035,2026-05-31,UPI,46472.59,Refunded
11036,1036,2023-10-27,UPI,14745.0,Paid
11037,1037,2025-07-30,Net Banking,4083.92,Pending
11038,1038,2025-11-18,Net Banking,8338.68,Paid
11039,1039,2023-07-19,Credit Card,30316.32,Paid
11040,1040,2026-04-06,Net Banking,11473.17,Paid
11041,1041,2025-03-16,,23070.65,Paid
11042,1042,2025-12-27,Debit Card,38945.14,Pending
11043,1043,2024-12-03,Credit Card,14490.45,Refunded
11044,1044,2026-04-25,Net Banking,15623.99,Paid
11045,1045,2025-10-31,Credit Card,4817.84,Refunded
11046,1046,01/10/2025,UPI,47894.25,Refunded
11047,1047,2022-10-22,Debit Card,8307.82,Pending
11048,1048,2024-08-09,debit card,31155.0,Pending
11049,1049,2026-02-22,Debit Card,45299.59,Pending
11050,1050,2022-10-23,Credit Card,39383.61,Refunded
11051,1051,2025-10-28,Credit Card,41518.52,Paid
11052,1052,2025-04-04,UPI,3883.62,paid
11053,1053,2023-04-30,Net Banking,43065.7,Refunded
11054,1054,2024-08-06,Net Banking,79234.05,Paid
11055,1055,2024-08-23,Net Banking,28825.41,Paid
11056,1056,2024-07-11,UPI,47839.75,Refunded
11057,1057,2026-02-21,Debit Card,47249.1,Paid
11058,1058,2024-10-31,Credit Card,43938.25,Paid
11059,1059,2025-03-01,Debit Card,19199.79,Refunded
11060,1060,2025-04-11,Debit Card,23465.18,Paid
11061,1061,2025-11-18,UPI,67777.01,Pending
11062,1062,2025-10-01,UPI,8241.27,Pending
11063,1063,2024-10-01,Credit Card,35847.96,Refunded
11064,1064,2024-08-15,Debit Card,26577.12,Refunded
11065,1065,2025-10-21,UPI,29181.75,Refunded
11066,1066,2025-07-01,Credit Card,49897.43,Refunded
11067,1067,2024-08-04,Net Banking,55524.61,Pending
11068,1068,2026-06-07,Credit Card,47518.9,Refunded
11069,1069,2026-08-05,Credit Card,38169.44,Refunded
11070,1070,2023-01-27,Debit Card,60808.22,Paid
11071,1071,2024-06-15,Debit Card,25235.83,Paid
11072,1072,2025-08-13,Net Banking,39097.66,Paid
11073,1073,2026-04-22,Credit Card,7153.88,Refunded
11074,1074,2026-01-27,UPI,2407.26,Paid
11075,1075,2026-03-30,Debit Card,11502.44,Refunded
11076,1076,2023-11-29,Net Banking,17457.17,Refunded
11077,1077,2024-06-05,Debit Card,6095.12,Pending
11078,1078,2026-06-07,Net Banking,27895.4,Paid
11079,1079,2025-05-17,Debit Card,40988.58,Paid
11080,1080,2025-01-14,Net Banking,4717.39,Paid
11081,1081,2025-10-10,Credit Card,8337.44,Paid
11082,1082,2025-07-26,Net Banking,66053.75,Refunded
11083,1083,2026-06-21,Debit Card,45538.45,Paid
11084,1084,2025-11-23,UPI,32606.72,Paid
11085,1085,2026-07-08,Credit Card,6822.63,Pending
11086,1086,2024-11-03,Net Banking,19713.26,Paid
11087,1087,2024-04-21,Credit Card,22439.38,Pending
11088,1088,2026-01-10,Credit Card,22484.66,Paid
11089,1089,2025-02-02,Net Banking,76862.36,Pending
11090,1090,2025-08-10,Net Banking,38975.49,Paid
11091,1091,2025-01-26,Debit Card,4465.6,Paid
11092,1092,2023-06-02,Credit Card,34349.24,Pending
11093,1093,2025-06-03,Credit Card,27947.99,Refunded
11094,1094,2026-04-17,Credit Card,6551.6,Refunded
11095,1095,2025-04-26,Debit Card,28628.05,Pending
11096,1096,2025-01-08,Credit Card,848.06,Refunded
11097,1097,2026-04-21,UPI,32920.26,Paid
11098,1098,2026-01-15,Debit Card,36958.04,Paid
11099,1099,2025-08-10,UPI,25938.04,Paid
11100,1100,2025-03-15,Credit Card,32583.28,Refunded
11101,1101,2025-10-17,Net Banking,39207.45,Paid
11102,1102,2026-08-01,UPI,51906.27,Pending
11103,1103,2026-03-20,UPI,9448.16,Pending
11104,1104,2023-04-14,Debit Card,2668.56,Paid
11105,1105,2024-10-24,Debit Card,38515.38,Paid
11106,1106,2025-10-26,UPI,1267.19,Paid
11107,1107,2022-06-21,Credit Card,3268.3,Paid
11108,1108,2026-02-11,Debit Card,6971.65,Paid
11109,1109,2026-01-06,Net Banking,8809.72,Pending
11110,1110,2026-01-14,Debit Card,14576.64,Paid
11111,1111,2026-03-08,UPI,25967.24,Pending
11112,1112,2025-05-12,Credit Card,28951.05,Refunded
11113,1113,2025-09-30,Credit Card,62802.43,Paid
11114,1114,2025-12-26,UPI,42749.05,Paid
11115,1115,2024-11-01,Net Banking,45298.36,Pending
11116,1116,2022-12-19,UPI,47369.25,Paid
11117,1117,2025-09-30,UPI,55096.5,Paid
11118,1118,2023-03-21,UPI,1254.38,Pending
11119,1119,2023-07-06,UPI,12391.04,Refunded
11120,1120,2024-05-09,Debit Card,33168.45,Refunded
11121,1121,2022-05-25,Credit Card,49496.99,Refunded
11122,1122,2026-04-09,Net Banking,4112.07,Pending
11123,1123,2026-08-28,UPI,33823.83,Refunded
11124,1124,2025-08-14,Credit Card,26578.32,Paid
11125,1125,2026-07-04,Credit Card,30028.81,Refunded
11126,1126,2025-09-25,UPI,30914.2,Pending
11127,1127,2026-08-29,Credit Card,1091.3,Paid
11128,1128,2026-02-22,Debit Card,2267.6,Paid
11129,1129,2025-04-27,Debit Card,42805.62,Paid
11130,1130,2026-06-05,Debit Card,28954.26,Paid
11131,1131,2024-06-05,UPI,11388.31,Pending
11132,1132,2022-07-27,UPI,37856.69,Refunded
11133,1133,2026-05-21,Credit Card,27635.9,Paid
11134,1134,2024-11-27,Debit Card,8617.45,Paid
11135,1135,2024-09-27,Credit Card,28522.24,Paid
11136,1136,2025-03-09,Debit Card,6658.08,Paid
11137,1137,2022-09-13,Debit Card,47520.13,Refunded
11138,1138,2023-11-12,UPI,14060.24,Pending
11139,1139,2025-06-27,Credit Card,24839.5,Refunded
11140,1140,2025-08-07,UPI,12776.02,Paid
11141,1141,2026-01-10,UPI,67592.64,Refunded
11142,1142,2025-08-28,UPI,49780.42,Refunded
11143,1143,2026-03-26,Net Banking,24957.06,Pending
11144,1144,2026-06-23,UPI,39146.14,Paid
11145,1145,2023-10-03,Net Banking,29506.54,Paid
11146,1146,2024-03-11,UPI,10279.17,Refunded
11147,1147,2026-01-14,UPI,1636.95,Paid
11148,1148,2026-02-03,Net Banking,47866.56,Pending
11149,1149,2024-11-29,UPI,20039.11,Paid
11150,1150,2025-08-22,Credit Card,6161.77,Pending
11151,1151,2025-08-29,Debit Card,52912.03,Pending
11152,1152,2026-07-01,Credit Card,25624.91,Paid
11153,1153,2026-02-21,Debit Card,11425.49,Refunded
11154,1154,2025-04-07,UPI,54194.96,Pending
11155,1155,2026-04-09,Debit Card,20305.63,Paid
11156,1156,2025-02-06,UPI,21258.36,Refunded
11157,1157,2026-02-02,Credit Card,56145.97,Refunded
11158,1158,2026-06-21,Credit Card,41994.6,Pending
11159,1159,2024-12-30,Net Banking,25698.76,Paid
11160,1160,2025-07-13,Credit Card,31026.72,Paid
11161,1161,2025-11-29,Debit Card,33260.78,Paid
11162,1162,2024-09-24,UPI,23298.72,Paid
11163,1163,2023-09-22,UPI,20119.23,Refunded
11164,1164,2025-07-19,Credit Card,32345.54,Pending
11165,1165,2025-11-10,Credit Card,27064.56,Paid
11166,1166,2025-10-02,UPI,67060.29,Paid
11167,1167,2026-03-24,Net Banking,31527.54,Paid
11168,1168,2026-07-18,Debit Card,30316.32,Paid
11169,1169,2025-04-09,Debit Card,19307.78,Refunded
11170,1170,2025-12-12,UPI,14576.64,Paid
11171,1171,2024-09-08,Debit Card,17961.06,Refunded
11172,1172,2023-12-22,UPI,2474.4,Paid
11173,1173,2022-11-30,UPI,19283.5,Pending
11174,1174,2025-08-06,Net Banking,24155.42,Refunded
11175,1175,2023-11-20,Net Banking,9448.16,Paid
11176,1176,2025-07-18,UPI,16958.98,Paid
11177,1177,2025-07-24,Credit Card,38733.25,Refunded
11178,1178,2024-04-05,Credit Card,25943.88,Refunded
11179,1179,2026-08-04,Net Banking,32787.68,Pending
11180,1180,2025-06-19,Credit Card,18639.37,Refunded
11181,1181,2024-11-03,Debit Card,2383.32,Refunded
11182,1182,2025-02-13,Net Banking,26819.41,Paid
11183,1183,2025-05-04,Debit Card,37714.96,Paid
11184,1184,2022-06-05,Net Banking,53872.28,Paid
11185,1185,2024-12-08,Debit Card,72813.74,Pending
11186,1186,2025-01-29,Debit Card,38169.44,Paid
11187,1187,2024-07-01,Net Banking,34172.33,Refunded
11188,1188,2024-03-17,Credit Card,27153.71,Pending
11189,1189,2026-02-28,Credit Card,54304.97,Refunded
11190,1190,2026-02-05,Credit Card,49682.57,Refunded
11191,1191,2026-05-25,Credit Card,17769.75,Paid
11192,1192,2025-07-25,UPI,11968.12,Pending
11193,1193,2026-07-25,Debit Card,1649.6,Refunded
11194,1194,2026-03-26,Credit Card,25593.35,Refunded
11195,1195,2026-06-09,Net Banking,23259.62,Paid
11196,1196,2025-10-26,Net Banking,19212.24,Pending
11197,1197,2024-08-06,Debit Card,20528.14,Paid
11198,1198,2026-08-02,Credit Card,7844.02,Paid
11199,1199,2024-11-18,Credit Card,3854.27,Paid
11200,1200,2026-03-29,UPI,6128.06,Paid
11201,1201,2026-04-22,UPI,34619.14,Paid
11202,1202,2026-04-08,Net Banking,52443.0,Paid
11203,1203,2023-11-05,Debit Card,29564.62,Paid
11204,1204,2026-01-17,UPI,7788.75,Pending
11205,1205,2026-08-24,Debit Card,15597.76,Paid
11206,1206,2025-05-12,Net Banking,27186.68,Pending
11207,1207,2024-12-31,Debit Card,21950.36,Paid
11208,1208,2025-11-19,Credit Card,15606.88,Pending
11209,1209,2025-02-24,Credit Card,10953.2,Pending
11210,1210,2026-04-28,Net Banking,30596.44,Paid
11211,1211,2025-03-24,UPI,43272.02,Refunded
11212,1212,2026-08-18,Net Banking,12927.16,Paid
11213,1213,2026-03-29,Credit Card,11227.82,Pending
11214,1214,2026-03-22,Credit Card,3793.08,Refunded
11215,1215,2024-09-17,UPI,43792.7,Paid
11216,1216,2025-08-20,Credit Card,18934.28,Paid
11217,1217,2025-08-01,UPI,32326.27,Paid
11218,1218,2025-03-21,Net Banking,24307.8,Paid
11219,1219,2024-04-20,Net Banking,37515.42,Paid
11220,1220,2026-03-18,Debit Card,2151.51,Refunded
11221,1221,2024-03-21,UPI,27484.95,Paid
11222,1222,2026-04-26,Net Banking,47442.52,Refunded
11223,1223,2022-07-14,Net Banking,82120.65,Paid
11224,1224,2026-02-24,Net Banking,34495.68,Paid
11225,1225,2025-04-30,Debit Card,3493.65,Refunded
11226,1226,2024-09-23,Credit Card,22035.25,Paid
11227,1227,2025-11-13,UPI,37044.34,Paid
11228,1228,2025-07-21,Debit Card,64705.12,Paid
11229,1229,2026-03-16,Credit Card,24784.24,Paid
11230,1230,2025-10-13,Net Banking,7279.56,Refunded
11231,1231,2026-03-24,Debit Card,7097.19,Pending
11232,1232,2025-08-26,Debit Card,33199.95,Pending
11233,1233,2026-06-20,Net Banking,75792.88,Paid
11234,1234,2024-07-25,UPI,27910.48,Pending
11235,1235,2024-12-07,Debit Card,20129.52,Paid
11236,1236,2025-12-27,Credit Card,6658.08,Pending
11237,1237,2025-05-31,UPI,32520.45,Refunded
11238,1238,2026-02-26,Debit Card,6837.75,Refunded
11239,1239,2026-07-25,Net Banking,67685.78,Paid
11240,1240,2024-02-28,Debit Card,61776.28,Paid
11241,1241,2025-04-13,,2415.22,Refunded
11242,1242,2025-10-14,Debit Card,44960.79,Paid
11243,1243,2025-12-16,Credit Card,43686.14,Pending
11244,1244,2025-12-13,Debit Card,19427.5,Refunded
11245,1245,2024-12-12,Credit Card,80397.18,Paid
11246,1246,2025-10-26,Credit Card,23700.81,Paid
11247,1247,2024-10-06,Debit Card,20584.78,Refunded
11248,1248,2026-02-02,Credit Card,61851.73,Pending
11249,1249,2023-08-02,UPI,6224.13,Paid
11250,1250,2025-08-21,Net Banking,1485.6,Pending
11251,1251,2025-04-23,Net Banking,11469.68,Pending
11252,1252,2025-10-18,Net Banking,7767.25,Pending
11253,1253,2025-02-26,Credit Card,46310.74,Pending
11254,1254,2026-01-30,Credit Card,59764.41,Refunded
11255,1255,2025-12-22,Credit Card,39917.18,Pending
11256,1256,2025-05-01,Debit Card,10086.33,Refunded
11257,1257,2026-01-03,Debit Card,8230.07,Pending
11258,1258,2026-01-24,Debit Card,11982.49,Refunded
11259,1259,2025-10-03,Debit Card,32244.2,Refunded
11260,1260,2024-03-25,Debit Card,38422.42,Pending
11261,1261,2026-01-28,UPI,42719.82,Paid
11262,1262,2026-02-12,UPI,17253.66,Paid
11263,1263,2026-06-11,UPI,30057.74,Pending
11264,1264,2025-12-23,Net Banking,31519.83,Pending
11265,1265,2026-01-09,Net Banking,29403.06,Paid
11266,1266,2024-01-13,Debit Card,26157.61,Pending
11267,1267,2024-08-17,Net Banking,64645.13,Paid
11268,1268,2026-05-09,UPI,8951.72,Paid
11269,1269,2024-06-15,Net Banking,2787.98,Refunded
11270,1270,2025-11-02,Net Banking,13269.33,Paid
11271,1271,2026-03-29,UPI,31221.96,Pending
11272,1272,2024-06-01,Credit Card,30598.13,Paid
11273,1273,2026-07-08,Net Banking,60051.14,Pending
11274,1274,2025-11-10,Credit Card,42726.86,Refunded
11275,1275,2025-03-30,Debit Card,33470.13,Paid
11276,1276,2024-12-19,Credit Card,4094.94,Paid
11277,1277,2026-04-02,UPI,57424.07,Refunded
11278,1278,2025-09-30,Net Banking,36602.22,Paid
11279,1279,2026-05-06,Net Banking,29005.04,Paid
11280,1280,2026-01-12,Credit Card,21754.35,Paid
11281,1281,2025-08-11,Credit Card,51394.76,Pending
11282,1282,2026-06-03,Credit Card,58308.12,Refunded
11283,1283,2026-02-19,UPI,38152.2,Paid
11284,1284,2024-12-04,Debit Card,27112.21,Refunded
11285,1285,2025-05-19,UPI,9892.54,Paid
11286,1286,2023-12-29,Credit Card,36885.85,Paid
11287,1287,2025-06-12,UPI,13288.09,Pending
11288,1288,2024-11-03,Debit Card,3074.74,Paid
11289,1289,2025-11-30,Net Banking,54595.84,Paid
11290,1290,2024-10-10,Debit Card,50702.41,Paid
11291,1291,2025-01-10,Credit Card,8668.92,Paid
11292,1292,2026-04-17,Credit Card,28909.07,Paid
11293,1293,2026-02-18,UPI,21859.81,Paid
11294,1294,2023-03-08,UPI,52919.33,Pending
11295,1295,2026-06-02,Net Banking,18994.94,Paid
11296,1296,2025-08-19,UPI,35792.33,Refunded
11297,1297,2026-08-12,Net Banking,21463.3,Pending
11298,1298,2024-11-12,Net Banking,9173.97,Refunded
11299,1299,2025-02-03,Debit Card,15811.47,Pending
11300,1300,2023-07-18,UPI,59845.45,Paid
11301,1301,2026-05-24,Net Banking,23651.69,Paid
11302,1302,2024-11-18,UPI,13985.77,Refunded
11303,1303,2026-02-21,Credit Card,5784.35,Paid
11304,1304,2023-11-30,Debit Card,60153.2,Paid
11305,1305,2026-04-11,Net Banking,6721.34,Paid
11306,1306,2024-06-27,UPI,38393.36,Pending
11307,1307,2023-11-03,Credit Card,2330.36,Refunded
11308,1308,2025-06-16,Net Banking,17464.97,Paid
11309,1309,2026-04-13,Credit Card,22197.94,Paid
11310,1310,2026-04-10,Net Banking,37812.78,Refunded
11311,1311,2023-08-18,Net Banking,24648.09,Paid
11312,1312,2023-12-23,Debit Card,33993.61,Pending
11313,1313,2026-05-02,Net Banking,19935.71,Pending
11314,1314,2024-12-04,Credit Card,33230.44,Pending
11315,1315,2025-07-19,Debit Card,25341.3,Paid
11316,1316,2024-11-29,Debit Card,2695.83,Paid
11317,1317,2024-05-20,Credit Card,2787.98,Paid
11318,1318,2025-07-06,UPI,19593.62,Paid
11319,1319,2025-08-21,Debit Card,36248.09,Paid
11320,1320,2025-11-16,UPI,26618.29,Paid
11321,1321,2026-04-17,Debit Card,12930.05,Pending
11322,1322,2025-07-02,UPI,760.45,Paid
11323,1323,2025-09-16,Debit Card,37989.88,Pending
11324,1324,2026-08-22,Net Banking,34409.37,Refunded
11325,1325,2024-10-25,Debit Card,9347.94,Pending
11326,1326,2025-12-30,Credit Card,33398.52,Pending
11327,1327,2026-08-18,UPI,4555.61,Pending
11328,1328,2026-02-21,UPI,38785.13,Pending
11329,1329,2026-06-30,Net Banking,19633.74,Paid
11330,1330,2026-01-23,UPI,63324.98,Paid
11331,1331,2025-01-19,Debit Card,69585.31,Pending
11332,1332,2025-12-27,UPI,10851.14,Pending
11333,1333,2024-02-12,Net Banking,8668.92,Refunded
11334,1334,2026-05-10,Credit Card,31465.77,Refunded
11335,1335,2026-08-31,Credit Card,24927.71,Refunded
11336,1336,2022-11-19,Net Banking,9606.82,Refunded
11337,1337,2026-08-13,Credit Card,28405.16,Pending
11338,1338,2026-04-21,Credit Card,20402.63,Pending
11339,1339,2026-04-17,UPI,40251.25,Pending
11340,1340,2024-07-20,UPI,55100.16,Pending
11341,1341,2024-08-24,UPI,16459.2,Pending
11342,1342,2024-02-09,Debit Card,7109.25,Pending
11343,1343,2022-12-08,Net Banking,59042.33,Paid
11344,1344,2024-05-26,Net Banking,50339.82,Paid
11345,1345,2026-03-24,Credit Card,36238.86,Refunded
11346,1346,2025-11-01,UPI,8901.95,Paid
11347,1347,2026-08-20,Net Banking,16336.77,Refunded
11348,1348,2026-07-04,UPI,16529.47,Refunded
11349,1349,2025-08-09,UPI,15640.12,Paid
11350,1350,2026-06-16,Debit Card,6427.05,Pending
11351,1351,2026-05-10,UPI,22009.54,Pending
11352,1352,2025-12-17,Net Banking,22769.93,Paid
11353,1353,2023-06-05,Debit Card,18275.88,Paid
11354,1354,2024-06-14,UPI,22993.09,Paid
11355,1355,2025-04-03,Net Banking,28637.96,Refunded
11356,1356,2024-05-23,Debit Card,55674.7,Refunded
11357,1357,2025-07-26,Credit Card,34285.48,Pending
11358,1358,2024-10-21,UPI,29432.42,Pending
11359,1359,2025-08-18,Credit Card,18604.44,Refunded
11360,1360,2024-05-27,Credit Card,43326.27,Paid
11361,1361,2026-03-12,UPI,8385.86,Paid
11362,1362,2025-08-18,UPI,27200.16,Paid
11363,1363,2022-07-16,Credit Card,12907.31,Refunded
11364,1364,2026-08-13,UPI,45452.78,Pending
11365,1365,2025-12-15,UPI,4886.5,Paid
11366,1366,2026-01-25,Credit Card,25579.4,Paid
11367,1367,2024-02-24,Net Banking,61543.29,Refunded
11368,1368,2025-08-15,UPI,34308.51,Paid
11369,1369,2023-01-11,Debit Card,16049.88,Paid
11370,1370,2025-12-15,Credit Card,7382.61,Paid
11371,1371,2026-01-16,Credit Card,31677.7,Refunded
11372,1372,2026-03-08,UPI,2025.63,Refunded
11373,1373,2025-10-31,Credit Card,1091.3,Paid
11374,1374,2025-05-18,Net Banking,32439.8,Paid
11375,1375,2025-06-03,UPI,8757.65,Refunded
11376,1376,2025-10-30,Net Banking,19357.89,Paid
11377,1377,2024-11-25,UPI,11276.2,Refunded
11378,1378,2025-07-14,Debit Card,30355.91,Refunded
11379,1379,2026-07-22,Net Banking,75783.39,Pending
11380,1380,2026-06-08,Credit Card,23416.47,Paid
11381,1381,2023-07-11,Net Banking,15208.75,Pending
11382,1382,2022-12-26,Debit Card,53960.14,Refunded
11383,1383,2023-06-04,UPI,8151.68,Paid
11384,1384,2024-09-02,UPI,3990.88,Pending
11385,1385,2025-12-03,Debit Card,54182.58,Refunded
11386,1386,2025-05-30,Debit Card,61419.14,Paid
11387,1387,2024-08-08,Debit Card,15474.25,Paid
11388,1388,2026-07-31,Credit Card,38270.53,Paid
11389,1389,2024-04-18,UPI,2267.6,Paid
11390,1390,2026-07-07,Debit Card,11537.28,Refunded
11391,1391,2026-05-26,UPI,20572.06,Pending
11392,1392,2025-10-23,UPI,30667.33,Paid
11393,1393,2026-02-11,Net Banking,60232.32,Paid
11394,1394,2025-08-23,Credit Card,13730.17,Refunded
11395,1395,2024-08-23,Debit Card,25233.28,Refunded
11396,1396,2024-05-28,Debit Card,38015.12,Refunded
11397,1397,2025-09-23,Debit Card,14988.1,Refunded
11398,1398,2026-05-25,Net Banking,4745.74,Paid
11399,1399,2024-05-25,UPI,17295.92,Pending
11400,1400,2025-08-07,UPI,37023.54,Paid
11401,1401,2026-03-08,UPI,51364.12,Paid
11402,1402,2026-07-27,Debit Card,16145.7,Pending
11403,1403,2022-09-29,UPI,8108.38,Paid
11404,1404,2025-05-25,UPI,8842.76,Paid
11405,1405,2022-12-27,Debit Card,25078.58,Paid
11406,1406,2023-12-02,UPI,1895.67,Refunded
11407,1407,2022-09-19,UPI,10725.88,Refunded
11408,1408,2024-02-03,Credit Card,20039.11,Paid
11409,1409,2025-09-24,Debit Card,9804.9,Paid
11410,1410,2026-08-06,Credit Card,37417.1,Paid
11411,1411,2025-08-30,Net Banking,49183.58,Refunded
11412,1412,2026-07-29,Credit Card,9065.24,Refunded
11413,1413,2026-04-15,Debit Card,18382.2,Refunded
11414,1414,2025-12-13,Net Banking,63002.82,Paid
11415,1415,2025-07-14,Credit Card,36627.93,Pending
11416,1416,2026-08-28,Debit Card,17425.01,Refunded
11417,1417,2025-04-04,UPI,48052.61,Paid
11418,1418,2026-06-10,UPI,17619.45,Paid
11419,1419,2026-07-08,UPI,12258.74,Paid
11420,1420,2024-01-28,Debit Card,25043.21,Paid
11421,1421,2025-03-26,Net Banking,33543.43,Refunded
11422,1422,2026-03-30,Net Banking,6735.08,Pending
11423,1423,2025-08-15,UPI,23728.7,Pending
11424,1424,2024-01-29,Debit Card,16083.51,Paid
11425,1425,2024-02-26,Net Banking,1148.74,Refunded
11426,1426,2023-10-21,Credit Card,52326.54,Pending
11427,1427,2025-02-10,Debit Card,36468.66,Pending
11428,1428,2024-01-11,Net Banking,69132.8,Refunded
11429,1429,2025-08-01,Debit Card,45000.79,Paid
11430,1430,2024-06-02,Credit Card,9326.6,Refunded
11431,1431,2026-06-27,Debit Card,69154.6,Refunded
11432,1432,2025-12-26,Debit Card,33393.07,Paid
11433,1433,2024-07-27,Net Banking,19364.86,Refunded
11434,1434,2025-11-19,Credit Card,9698.7,Paid
11435,1435,2026-01-25,Debit Card,4487.88,Paid
11436,1436,2026-07-08,Credit Card,82130.48,Paid
11437,1437,2025-06-11,UPI,26300.83,Refunded
11438,1438,2024-09-17,Debit Card,38731.75,Pending
11439,1439,2026-06-24,Debit Card,11390.33,Paid
11440,1440,2023-12-07,Credit Card,29735.16,Refunded
11441,1441,2026-08-31,Debit Card,64754.58,Paid
11442,1442,2024-08-02,Credit Card,19925.68,Pending
11443,1443,2024-01-23,Net Banking,5495.93,Pending
11444,1444,2026-01-16,Net Banking,37879.43,Paid
11445,1445,2023-03-18,Credit Card,18491.5,Paid
11446,1446,2024-01-04,Debit Card,29620.8,Refunded
11447,1447,2024-02-05,UPI,45776.01,Pending
11448,1448,2023-12-06,Credit Card,25808.0,Refunded
11449,1449,2026-03-11,Net Banking,23070.65,Pending
11450,1450,2022-11-22,UPI,63991.71,Paid
11451,1451,2023-11-23,UPI,29045.77,Paid
11452,1452,2024-03-20,Net Banking,90368.05,Paid
11453,1453,2025-12-31,Net Banking,4161.3,Pending
11454,1454,2026-02-15,UPI,6519.45,Paid
11455,1455,2024-09-12,Debit Card,26362.95,Paid
11456,1456,2026-08-17,Net Banking,30515.2,Paid
11457,1457,2025-07-18,Net Banking,38625.84,Refunded
11458,1458,2026-05-24,Credit Card,12929.55,Paid
11459,1459,2025-12-20,Debit Card,23216.18,Paid
11460,1460,2026-05-07,Credit Card,17766.5,Paid
11461,1461,2026-06-19,Net Banking,49159.8,Refunded
11462,1462,2026-07-27,Net Banking,20063.23,Paid
11463,1463,2026-08-06,Credit Card,63170.8,Paid
11464,1464,2025-02-10,Net Banking,41161.76,Pending
11465,1465,2024-06-13,Debit Card,68461.57,Pending
11466,1466,2026-07-06,Debit Card,5222.07,Paid
11467,1467,2025-04-05,Net Banking,6224.13,Refunded
11468,1468,2025-12-16,Credit Card,28234.22,Paid
11469,1469,2025-12-14,UPI,42100.22,Paid
11470,1470,2026-01-29,UPI,41295.71,Paid
11471,1471,2025-04-28,Net Banking,14364.04,Paid
11472,1472,2023-12-03,Net Banking,41754.81,Pending
11473,1473,2025-07-29,Net Banking,7758.96,Paid
11474,1474,2023-11-02,Credit Card,31309.83,Pending
11475,1475,2025-10-10,Net Banking,10364.38,Pending
11476,1476,2025-08-10,Net Banking,30881.96,Paid
11477,1477,2023-01-14,Net Banking,12775.35,Refunded
11478,1478,2025-05-05,Debit Card,13895.17,Refunded
11479,1479,2025-05-26,Net Banking,44818.83,Pending
11480,1480,2026-04-15,Credit Card,25956.92,Paid
11481,1481,2025-12-25,Debit Card,9606.82,Paid
11482,1482,2024-03-23,Credit Card,8050.25,Refunded
11483,1483,2026-01-09,Debit Card,48412.15,Pending
11484,1484,2023-10-03,Net Banking,51986.69,Pending
11485,1485,2026-01-29,Credit Card,9473.85,Pending
11486,1486,2025-05-25,Net Banking,30610.74,Paid
11487,1487,2026-06-16,UPI,45202.52,Refunded
11488,1488,2023-12-21,Credit Card,22550.44,Paid
11489,1489,2026-08-21,Credit Card,23739.45,Refunded
11490,1490,2026-05-22,Net Banking,3001.23,Refunded
11491,1491,2026-05-17,UPI,30985.46,Paid
11492,1492,2026-06-15,UPI,15356.27,Paid
11493,1493,2025-06-30,Net Banking,26538.99,Paid
11494,1494,2023-01-17,Net Banking,19009.69,Refunded
11495,1495,2026-02-07,Net Banking,49642.69,Paid
11496,1496,2024-09-25,UPI,28780.59,Paid
11497,1497,2025-04-18,UPI,55025.08,Paid
11498,1498,2025-05-10,Debit Card,14341.46,Refunded
11499,1499,2025-08-14,Debit Card,2297.48,Refunded
11500,1500,2023-05-14,Debit Card,23070.65,Paid
11501,1501,2024-11-13,UPI,13497.5,Pending
11502,1502,2024-08-09,Net Banking,44807.94,Paid
11503,1503,2025-02-27,UPI,47234.85,Pending
11504,1504,2026-02-17,Credit Card,48168.06,Paid
11505,1505,2026-01-31,Debit Card,29707.91,Refunded
11506,1506,2026-06-23,UPI,14313.67,Paid
11507,1507,2025-02-06,Debit Card,49632.32,Paid
11508,1508,2025-08-14,UPI,38720.48,Refunded
11509,1509,2023-04-13,UPI,54764.05,Pending
11510,1510,2026-08-12,UPI,13499.43,Pending
11511,1511,2026-01-11,Debit Card,7871.95,Paid
11512,1512,2026-05-02,Credit Card,54513.5,Paid
11513,1513,2025-09-29,Debit Card,15864.3,Paid
11514,1514,2026-05-03,UPI,19830.27,Refunded
11515,1515,2025-05-13,UPI,51127.18,Paid
11516,1516,2025-03-21,UPI,13692.82,Paid
11517,1517,2024-12-24,Credit Card,27085.77,Pending
11518,1518,2024-06-30,Net Banking,46242.62,Pending
11519,1519,2023-02-27,UPI,601.82,Paid
11520,1520,2025-10-16,Net Banking,45494.95,Refunded
11521,1521,2025-03-25,Credit Card,58832.76,Pending
11522,1522,2025-05-19,Net Banking,15504.62,Pending
11523,1523,2026-05-24,UPI,73267.6,Refunded
11524,1524,2024-10-20,Net Banking,2942.87,Pending
11525,1525,2026-01-14,Credit Card,25701.81,Paid
11526,1526,2024-10-25,Credit Card,7341.43,Paid
11527,1527,2022-04-07,Net Banking,2300.99,Paid
11528,1528,2025-11-14,Debit Card,9491.48,Paid
11529,1529,2025-10-02,UPI,10364.38,Paid
11530,1530,2024-02-28,Net Banking,32937.25,Paid
11531,1531,2023-06-26,Debit Card,3537.11,Refunded
11532,1532,2024-09-21,Net Banking,38868.46,Paid
11533,1533,2026-06-29,Debit Card,33144.54,Refunded
11534,1534,2025-12-29,Credit Card,3603.14,Refunded
11535,1535,2025-07-09,Debit Card,8127.75,Refunded
11536,1536,2024-11-21,Net Banking,772.1,Refunded
11537,1537,2026-01-26,UPI,22362.74,Pending
11538,1538,2026-03-03,Credit Card,52184.36,Pending
11539,1539,2026-04-02,Debit Card,37739.04,Pending
11540,1540,2025-06-08,Net Banking,24233.04,Refunded
11541,1541,2023-04-12,Debit Card,22421.85,Paid
11542,1542,2023-09-08,Net Banking,13350.43,Pending
11543,1543,2026-02-18,Net Banking,3759.45,Refunded
11544,1544,2024-08-08,Net Banking,4817.84,Pending
11545,1545,2024-05-10,Credit Card,7288.32,Paid
11546,1546,2025-02-20,Debit Card,14838.82,Paid
11547,1547,2024-11-19,Net Banking,16250.49,Paid
11548,1548,2026-05-27,Debit Card,29816.38,Paid
11549,1549,2026-04-06,Net Banking,59395.38,Refunded
11550,1550,2025-11-03,Debit Card,14707.34,Refunded
11551,1551,2024-12-09,Credit Card,20728.76,Paid
11552,1552,2023-04-21,Credit Card,7758.96,Refunded
11553,1553,2026-08-12,UPI,64302.99,Refunded
11554,1554,2024-04-12,Debit Card,31996.91,Refunded
11555,1555,2025-03-02,Credit Card,36430.76,Refunded
11556,1556,2024-05-29,Net Banking,38245.55,Paid
11557,1557,2026-03-28,UPI,1278.65,Paid
11558,1558,2023-09-03,Debit Card,54013.18,Paid
11559,1559,2023-11-02,UPI,8757.65,Paid
11560,1560,2026-02-24,Credit Card,6089.53,Paid
11561,1561,2025-01-28,Debit Card,17237.88,Paid
11562,1562,2025-02-05,Net Banking,34562.72,Pending
11563,1563,2023-03-17,Debit Card,24994.92,Refunded
11564,1564,2025-12-06,Credit Card,26205.44,Paid
11565,1565,2022-02-26,Credit Card,37038.05,Paid
11566,1566,2024-11-10,Net Banking,60265.26,Pending
11567,1567,2024-11-05,Credit Card,80845.94,Refunded
11568,1568,2023-06-26,Credit Card,18694.7,Paid
11569,1569,2023-01-17,Debit Card,14800.19,Pending
11570,1570,2025-06-25,Net Banking,35268.45,Paid
11571,1571,2024-04-16,Net Banking,50037.88,Pending
11572,1572,2025-06-03,Credit Card,27204.09,Paid
11573,1573,2026-04-23,UPI,32826.44,Refunded
11574,1574,2025-10-13,Net Banking,16106.24,Pending
11575,1575,2026-04-02,Credit Card,7916.94,Pending
11576,1576,2025-07-17,Net Banking,32330.14,Refunded
11577,1577,2024-11-29,Net Banking,65975.19,Paid
11578,1578,2026-08-18,UPI,46169.15,Refunded
11579,1579,2024-11-09,Net Banking,24433.9,Paid
11580,1580,2024-11-12,UPI,3734.6,Paid
11581,1581,2024-01-16,Credit Card,1221.14,Refunded
11582,1582,2025-10-05,UPI,1552.44,Paid
11583,1583,2026-01-09,Debit Card,5462.99,Refunded
11584,1584,2024-06-23,Net Banking,32938.85,Refunded
11585,1585,2023-04-14,UPI,57021.9,Pending
11586,1586,2026-05-10,UPI,3160.63,Pending
11587,1587,2025-10-24,UPI,31091.49,Pending
11588,1588,2025-11-08,Credit Card,7503.08,Paid
11589,1589,2025-08-04,Net Banking,55505.5,Paid
11590,1590,2023-04-10,UPI,15220.31,Pending
11591,1591,2023-09-11,Credit Card,2871.85,Pending
11592,1592,2023-07-19,Credit Card,27567.68,Paid
11593,1593,2025-06-24,Net Banking,4576.95,Refunded
11594,1594,2025-06-06,Net Banking,13900.67,Paid
11595,1595,2024-12-20,Debit Card,17340.22,Paid
11596,1596,2025-07-11,Debit Card,10725.95,Pending
11597,1597,2026-05-17,Net Banking,55906.15,Refunded
11598,1598,2025-10-30,UPI,2737.09,Paid
11599,1599,2025-06-27,Credit Card,22690.01,Refunded
11600,1600,2024-09-08,Credit Card,11634.44,Refunded
11601,1601,2026-07-22,UPI,4985.45,Refunded
11602,1602,2023-09-20,UPI,40391.07,Paid
11603,1603,2025-10-13,Net Banking,51674.89,Refunded
11604,1604,2026-08-19,UPI,16116.08,Paid
11605,1605,2024-10-11,Net Banking,47484.03,Paid
11606,1606,2024-12-21,Net Banking,19320.6,Pending
11607,1607,2024-10-30,Credit Card,27973.67,Pending
11608,1608,2024-03-24,Net Banking,14511.4,Paid
11609,1609,2024-09-16,Credit Card,1136.58,Refunded
11610,1610,2024-11-21,Net Banking,7596.69,Paid
11611,1611,2026-05-29,UPI,22245.65,Paid
11612,1612,2023-11-29,Debit Card,16145.34,Pending
11613,1613,2025-11-06,Credit Card,44618.79,Pending
11614,1614,2026-04-07,Net Banking,25074.79,Refunded
11615,1615,2025-08-27,UPI,38985.49,Pending
11616,1616,2026-03-22,UPI,7286.15,Paid
11617,1617,2026-07-24,UPI,14340.5,Refunded
11618,1618,2025-09-30,UPI,11647.3,Refunded
11619,1619,2025-02-07,Net Banking,14200.71,Refunded
11620,1620,2025-01-07,Net Banking,976.43,Pending
11621,1621,2024-04-24,UPI,15037.8,Refunded
11622,1622,2025-04-09,Credit Card,40384.36,Refunded
11623,1623,2023-01-27,Credit Card,14312.24,Refunded
11624,1624,2025-06-21,Debit Card,29047.29,Pending
11625,1625,2024-12-26,UPI,12734.5,Paid
11626,1626,2024-01-18,Credit Card,19917.22,Refunded
11627,1627,2024-05-10,UPI,41197.16,Paid
11628,1628,2022-12-06,UPI,8572.17,Refunded
11629,1629,2024-03-07,UPI,42015.21,Pending
11630,1630,2026-03-31,Credit Card,2633.47,Paid
11631,1631,2023-03-14,Net Banking,29996.74,Refunded
11632,1632,2024-03-28,Debit Card,38684.21,Pending
11633,1633,2025-07-14,Net Banking,31541.17,Pending
11634,1634,2025-09-28,UPI,29410.1,Paid
11635,1635,2026-07-20,Debit Card,20215.03,Paid
11636,1636,2025-08-12,Net Banking,14938.27,Paid
11637,1637,2026-06-17,Debit Card,16657.05,Pending
11638,1638,2024-07-09,Debit Card,47755.42,Paid
11639,1639,2024-03-07,Net Banking,36517.52,Pending
11640,1640,2025-04-16,Debit Card,16164.5,Pending
11641,1641,2025-10-02,Debit Card,19372.55,Paid
11642,1642,2024-12-26,Debit Card,36478.69,Paid
11643,1643,2025-11-12,UPI,6369.45,Refunded
11644,1644,2026-05-15,Credit Card,31528.39,Refunded
11645,1645,2023-11-20,Credit Card,40815.6,Pending
11646,1646,2024-10-25,UPI,16583.01,Refunded
11647,1647,2025-11-11,UPI,23303.48,Paid
11648,1648,2025-03-24,Debit Card,27323.07,Paid
11649,1649,2022-12-02,Debit Card,40195.37,Paid
11650,1650,2023-04-30,Credit Card,13706.91,Paid
11651,1651,2024-10-04,UPI,4028.1,Refunded
11652,1652,2024-06-17,UPI,1660.38,Pending
11653,1653,2025-05-10,Debit Card,40853.44,Paid
11654,1654,2026-03-30,Net Banking,9327.39,Paid
11655,1655,2025-07-10,Net Banking,22087.74,Refunded
11656,1656,2026-03-08,Net Banking,42117.37,Paid
11657,1657,2023-07-18,Net Banking,45652.69,Paid
11658,1658,2025-03-17,Credit Card,28688.29,Paid
11659,1659,2023-07-15,Credit Card,26022.44,Paid
11660,1660,2024-02-08,Credit Card,18215.38,Paid
11661,1661,2025-02-27,UPI,47145.03,Paid
11662,1662,2023-02-23,Debit Card,19917.22,Pending
11663,1663,2024-09-27,Credit Card,603.81,Refunded
11664,1664,2023-04-02,Net Banking,25394.57,Refunded
11665,1665,2023-06-05,UPI,5683.65,Paid
11666,1666,2025-08-26,UPI,20008.44,Paid
11667,1667,2025-11-24,Debit Card,17984.73,Refunded
11668,1668,2025-06-04,UPI,31130.54,Refunded
11669,1669,2026-07-05,UPI,18142.0,Paid
11670,1670,2026-08-30,Debit Card,13739.82,Pending
11671,1671,2026-01-23,Net Banking,40820.35,Paid
11672,1672,2024-05-31,UPI,20813.43,Pending
11673,1673,2025-01-02,Credit Card,28137.6,Paid
11674,1674,2026-07-04,Credit Card,21074.82,Refunded
11675,1675,2024-11-17,UPI,65270.48,Paid
11676,1676,2023-08-23,Debit Card,23068.48,Refunded
11677,1677,2026-04-04,Debit Card,11284.27,Refunded
11678,1678,2026-07-14,UPI,48785.9,Refunded
11679,1679,2025-11-05,Credit Card,7952.22,Paid
11680,1680,2022-09-04,Credit Card,34719.33,Paid
11681,1681,2025-10-20,Credit Card,35490.74,Refunded
11682,1682,2026-03-22,Debit Card,9423.35,Paid
11683,1683,2025-04-17,UPI,4256.58,Refunded
11684,1684,2025-08-12,Credit Card,3937.11,Pending
11685,1685,2025-02-21,Net Banking,62093.48,Refunded
11686,1686,2024-03-15,Net Banking,27584.33,Pending
11687,1687,2025-09-05,UPI,919.02,Refunded
11688,1688,2025-10-29,Net Banking,29176.82,Paid
11689,1689,2026-08-27,Debit Card,39303.24,Pending
11690,1690,2025-12-08,Debit Card,14559.12,Pending
11691,1691,2023-02-22,Net Banking,21954.23,Paid
11692,1692,2025-03-10,Debit Card,55825.0,Paid
11693,1693,2023-12-04,UPI,2862.45,Refunded
11694,1694,2024-04-17,Debit Card,7295.67,Paid
11695,1695,2024-09-04,UPI,38245.55,Paid
11696,1696,2023-11-15,UPI,6222.16,Refunded
11697,1697,2026-06-13,UPI,57526.3,Paid
11698,1698,2025-10-27,UPI,20127.55,Paid
11699,1699,2025-05-04,Credit Card,5132.04,Paid
11700,1700,2025-12-07,Net Banking,43390.26,Refunded
11701,1701,2025-11-28,Debit Card,15479.0,Paid
11702,1702,2026-02-21,Net Banking,30156.4,Paid
11703,1703,2024-12-19,Debit Card,74574.47,Refunded
11704,1704,2024-11-29,Credit Card,15492.56,Pending
11705,1705,2024-11-12,Credit Card,12301.76,Paid
11706,1706,2025-02-20,Debit Card,16270.62,Pending
11707,1707,2025-12-20,UPI,5675.44,Refunded
11708,1708,2025-08-29,UPI,46105.28,Refunded
11709,1709,2024-07-23,UPI,38925.34,Refunded
11710,1710,2025-04-24,Net Banking,26183.19,Refunded
11711,1711,2025-03-29,UPI,7975.72,Paid
11712,1712,2026-01-25,UPI,17984.73,Pending
11713,1713,2026-06-24,Net Banking,22739.1,Refunded
11714,1714,2026-01-28,UPI,44552.69,Pending
11715,1715,2025-02-03,UPI,13147.98,Pending
11716,1716,2025-11-29,Credit Card,29449.14,Refunded
11717,1717,2025-04-21,UPI,41566.11,Paid
11718,1718,2024-08-31,UPI,20710.02,Pending
11719,1719,2024-08-05,Debit Card,28008.59,Pending
11720,1720,2025-09-23,UPI,46084.84,Paid
11721,1721,2024-06-08,UPI,3765.2,Pending
11722,1722,2026-04-29,Debit Card,34379.47,Pending
11723,1723,2023-01-07,Credit Card,33675.39,Pending
11724,1724,2023-11-12,Net Banking,33691.72,Pending
11725,1725,2024-01-27,Net Banking,15335.92,Paid
11726,1726,2023-05-19,Credit Card,30596.44,Paid
11727,1727,2024-08-25,Net Banking,52150.18,Paid
11728,1728,2023-12-01,Credit Card,74523.04,Paid
11729,1729,2026-01-11,UPI,27385.64,Paid
11730,1730,2026-03-31,Debit Card,32268.28,Pending
11731,1731,2026-04-07,Net Banking,22066.8,Refunded
11732,1732,2024-12-06,Credit Card,6581.38,Pending
11733,1733,2025-12-02,UPI,8163.9,Paid
11734,1734,2025-07-23,Credit Card,8587.34,Pending
11735,1735,2026-08-21,UPI,17448.24,Refunded
11736,1736,2024-05-31,Credit Card,67709.31,Paid
11737,1737,2023-03-21,Net Banking,15775.64,Refunded
11738,1738,2023-03-14,UPI,21567.36,Refunded
11739,1739,2026-07-01,Debit Card,9839.94,Paid
11740,1740,2023-10-08,UPI,20526.93,Pending
11741,1741,2024-01-20,Net Banking,43248.84,Paid
11742,1742,2024-05-22,UPI,9291.76,Paid
11743,1743,2024-12-24,UPI,2798.06,Pending
11744,1744,2025-04-05,UPI,15351.0,Refunded
11745,1745,2026-06-23,Credit Card,3144.93,Refunded
11746,1746,2024-03-07,Net Banking,22564.33,Refunded
11747,1747,2025-01-02,Debit Card,4083.92,Paid
11748,1748,2023-12-23,Credit Card,32994.43,Pending
11749,1749,2024-09-18,Debit Card,46747.75,Refunded
11750,1750,2026-05-07,Debit Card,21029.68,Pending
11751,1751,2026-08-07,Net Banking,14815.43,Pending
11752,1752,2026-05-09,UPI,54634.09,Refunded
11753,1753,2023-07-05,Credit Card,3098.51,Paid
11754,1754,2026-01-06,UPI,13033.82,Paid
11755,1755,2022-08-06,Net Banking,9827.41,Paid
11756,1756,2025-10-19,Net Banking,23592.5,Paid
11757,1757,2025-05-09,UPI,24150.75,Pending
11758,1758,2023-09-16,Credit Card,27473.45,Pending
11759,1759,2026-07-22,UPI,3883.62,Paid
11760,1760,2025-01-03,Credit Card,13829.83,Refunded
11761,1761,2026-07-23,UPI,63824.44,Paid
11762,1762,2026-07-22,Net Banking,17386.93,Paid
11763,1763,2026-02-22,Net Banking,23170.34,Paid
11764,1764,2025-12-14,UPI,9347.94,Paid
11765,1765,2024-06-10,Net Banking,12232.07,Paid
11766,1766,2025-06-27,UPI,38920.39,Paid
11767,1767,2025-08-25,Debit Card,57151.49,Pending
11768,1768,2025-05-18,Credit Card,16186.26,Paid
11769,1769,2025-01-18,Net Banking,8622.2,Paid
11770,1770,2025-11-15,UPI,1811.42,Pending
11771,1771,2025-11-05,Net Banking,4627.48,Paid
11772,1772,2026-05-24,Debit Card,7919.98,Pending
11773,1773,2024-11-29,Debit Card,5646.09,Refunded
11774,1774,2026-03-12,UPI,35959.41,Paid
11775,1775,2024-10-18,UPI,43411.78,Paid
11776,1776,2025-07-01,Net Banking,49252.32,Paid
11777,1777,2025-03-14,Credit Card,35360.72,Paid
11778,1778,2023-06-09,Credit Card,51303.24,Paid
11779,1779,2025-11-19,Debit Card,10828.2,Paid
11780,1780,2026-01-04,UPI,24966.4,Refunded
11781,1781,2025-08-17,Debit Card,18397.42,Refunded
11782,1782,2023-10-28,UPI,633.59,Paid
11783,1783,2026-06-19,UPI,29204.99,Paid
11784,1784,2026-05-08,Credit Card,69968.87,Pending
11785,1785,2025-10-12,Credit Card,14049.88,Refunded
11786,1786,2026-01-20,Net Banking,11504.96,Paid
11787,1787,2025-06-24,Credit Card,6391.06,Pending
11788,1788,2025-05-13,Credit Card,50798.13,Refunded
11789,1789,2024-06-24,Credit Card,22332.01,Paid
11790,1790,2023-07-18,Credit Card,37598.51,Pending
11791,1791,2024-07-24,Net Banking,40973.66,Refunded
11792,1792,2026-05-29,Debit Card,51788.6,Refunded
11793,1793,2025-05-01,Debit Card,49240.1,Paid
11794,1794,2026-02-03,Credit Card,16854.5,Refunded
11795,1795,2024-09-05,Credit Card,45823.75,Pending
11796,1796,2025-06-19,Credit Card,14341.46,Paid
11797,1797,2026-05-30,Net Banking,20704.22,Pending
11798,1798,2025-05-17,Credit Card,25239.94,Paid
11799,1799,2025-08-19,Debit Card,31398.14,Paid
11800,1800,2026-04-07,Credit Card,21868.8,Refunded
11801,1801,2025-08-10,UPI,24512.24,Refunded
11802,1802,2026-02-15,Credit Card,4663.97,Pending
11803,1803,2025-06-27,Credit Card,68116.96,Paid
11804,1804,2024-05-31,UPI,8881.79,Pending
11805,1805,2026-02-20,UPI,9117.0,Pending
11806,1806,2026-06-01,Debit Card,8111.01,Refunded
11807,1807,2026-05-04,UPI,22402.67,Pending
11808,1808,2025-06-04,Debit Card,14477.13,Paid
11809,1809,2023-02-16,Credit Card,59172.1,Paid
11810,1810,2025-10-12,UPI,27191.98,Paid
11811,1811,2025-12-30,UPI,11123.45,Refunded
11812,1812,2023-04-20,Net Banking,28402.29,Paid
11813,1813,2026-01-13,Net Banking,33491.62,Refunded
11814,1814,2026-03-23,Credit Card,2132.45,Refunded
11815,1815,2025-12-20,Net Banking,25866.25,Paid
11816,1816,2026-01-17,Credit Card,7741.54,Paid
11817,1817,2024-07-19,Credit Card,24517.18,Paid
11818,1818,2025-12-26,Debit Card,1207.61,Paid
11819,1819,2026-04-18,UPI,38527.45,Paid
11820,1820,2026-04-25,Net Banking,31207.03,Paid
11821,1821,2025-09-20,Debit Card,13489.79,Paid
11822,1822,2023-12-02,Credit Card,65847.3,Paid
11823,1823,2026-07-14,Credit Card,13740.15,Paid
11824,1824,2025-11-16,Credit Card,9962.96,Pending
11825,1825,2026-08-15,Net Banking,19360.97,Pending
11826,1826,2026-02-13,Credit Card,15511.08,Refunded
11827,1827,2026-07-30,Credit Card,33862.29,Paid
11828,1828,2025-10-14,Net Banking,3873.14,Refunded
11829,1829,2026-01-13,Credit Card,45029.49,Paid
11830,1830,2024-04-22,Credit Card,16981.27,Paid
11831,1831,2024-08-15,Debit Card,38637.29,Paid
11832,1832,2026-07-08,Debit Card,46699.28,Refunded
11833,1833,2024-04-14,Net Banking,55362.56,Paid
11834,1834,2026-02-14,Net Banking,5247.97,Paid
11835,1835,2024-07-03,Debit Card,30995.13,Paid
11836,1836,2025-06-20,Credit Card,17407.91,Refunded
11837,1837,2026-03-19,UPI,20995.15,Paid
11838,1838,2023-05-13,Credit Card,23761.73,Pending
11839,1839,2025-12-26,Net Banking,21123.57,Paid
11840,1840,2025-11-15,Net Banking,14769.24,Pending
11841,1841,2025-06-22,Credit Card,31512.02,Refunded
11842,1842,2026-01-27,Net Banking,32477.35,Pending
11843,1843,2022-12-19,UPI,25468.56,Pending
11844,1844,2025-07-12,Credit Card,18148.59,Paid
11845,1845,2025-09-26,Debit Card,50896.14,Pending
11846,1846,2026-04-28,Net Banking,16208.93,Paid
11847,1847,2025-07-31,Credit Card,37895.4,Pending
11848,1848,2023-02-18,Credit Card,13897.27,Paid
11849,1849,2025-07-01,Credit Card,3931.16,Paid
11850,1850,2025-08-20,Net Banking,5094.79,Paid
11851,1851,2026-07-05,Debit Card,19906.87,Refunded
11852,1852,2026-01-21,Credit Card,14704.93,Paid
11853,1853,2025-01-31,Credit Card,44350.79,Paid
11854,1854,2025-05-29,Net Banking,24408.08,Paid
11855,1855,2025-04-21,Debit Card,10345.28,Paid
11856,1856,2026-02-25,UPI,9698.7,Refunded
11857,1857,2024-12-06,Debit Card,36000.63,Refunded
11858,1858,2025-03-07,Debit Card,10631.63,Pending
11859,1859,2026-06-03,Debit Card,69870.44,Pending
11860,1860,2025-07-14,UPI,19888.23,Paid
11861,1861,2024-09-27,Debit Card,59338.61,Refunded
11862,1862,2026-08-12,UPI,28955.42,Pending
11863,1863,2026-02-22,Debit Card,19204.13,Pending
11864,1864,2026-02-25,Debit Card,15287.02,Paid
11865,1865,2026-06-06,Credit Card,24067.97,Pending
11866,1866,2026-04-16,Net Banking,13366.7,Refunded
11867,1867,2026-04-08,Net Banking,18096.15,Refunded
11868,1868,2026-02-06,UPI,37891.97,Paid
11869,1869,2025-09-08,Net Banking,27566.44,Refunded
11870,1870,2026-08-29,UPI,17985.61,Refunded
11871,1871,2025-04-04,Net Banking,25547.88,Pending
11872,1872,2025-11-02,Net Banking,27342.25,Pending
11873,1873,2025-04-04,Credit Card,20129.52,Paid
11874,1874,2026-04-30,Net Banking,34362.31,Paid
11875,1875,2026-03-11,Debit Card,27064.56,Paid
11876,1876,2026-01-19,UPI,11333.55,Paid
11877,1877,2025-07-20,Credit Card,36626.07,Paid
11878,1878,2026-08-28,Net Banking,2911.82,Paid
11879,1879,2024-09-28,UPI,41341.95,Pending
11880,1880,2026-04-02,Debit Card,4327.19,Paid
11881,1881,2026-06-09,Debit Card,33943.59,Pending
11882,1882,2025-08-03,UPI,48468.99,Paid
11883,1883,2025-06-15,Net Banking,34702.0,Pending
11884,1884,2026-01-27,UPI,42089.04,Pending
11885,1885,2026-09-01,Net Banking,70991.83,Refunded
11886,1886,2026-07-18,Debit Card,10725.88,Paid
11887,1887,2024-05-15,UPI,13022.69,Paid
11888,1888,2024-03-06,Credit Card,60797.17,Paid
11889,1889,2023-11-20,Credit Card,42107.37,Paid
11890,1890,2025-10-25,UPI,38545.4,Pending
11891,1891,2026-01-16,Debit Card,21644.48,Paid
11892,1892,2025-06-15,Net Banking,1076.93,Pending
11893,1893,2026-02-27,Debit Card,37903.19,Paid
11894,1894,2024-05-04,Credit Card,22574.84,Paid
11895,1895,2026-01-16,Debit Card,19942.61,Pending
11896,1896,2026-08-10,Credit Card,66183.04,Paid
11897,1897,2024-09-10,Debit Card,25544.7,Pending
11898,1898,2025-09-06,Credit Card,28093.14,Refunded
11899,1899,2024-07-01,Credit Card,39827.5,Paid
11900,1900,2024-09-18,Net Banking,8341.55,Paid
11901,1901,2026-06-09,Debit Card,47360.64,Refunded
11902,1902,2024-06-11,UPI,21619.85,Refunded
11903,1903,2025-07-05,Credit Card,41596.39,Paid
11904,1904,2026-05-03,Debit Card,23232.29,Pending
11905,1905,2023-03-29,UPI,34352.5,Pending
11906,1906,2026-02-28,UPI,45752.9,Paid
11907,1907,2026-08-08,Credit Card,2047.58,Paid
11908,1908,2024-12-17,Net Banking,21761.75,Paid
11909,1909,2025-10-13,Debit Card,24028.12,Paid
11910,1910,2025-10-11,UPI,31554.41,Paid
11911,1911,2026-07-14,Debit Card,36162.13,Paid
11912,1912,2025-08-29,Credit Card,10674.24,Refunded
11913,1913,2025-12-02,UPI,19846.73,Paid
11914,1914,2024-12-12,Debit Card,34450.91,Refunded
11915,1915,2026-03-29,UPI,8151.68,Pending
11916,1916,2025-03-08,Net Banking,10734.18,Refunded
11917,1917,2025-05-08,Net Banking,18290.1,Paid
11918,1918,2024-12-30,Credit Card,47704.54,Pending
11919,1919,2025-07-01,Debit Card,2695.83,Pending
11920,1920,2026-07-07,Net Banking,7580.64,Paid
11921,1921,2025-02-16,Net Banking,17153.97,Refunded
11922,1922,2026-01-12,Credit Card,5532.26,Pending
11923,1923,2025-01-24,UPI,36778.74,Paid
11924,1924,2025-02-04,Debit Card,36285.62,Paid
11925,1925,2026-05-16,UPI,31730.46,Paid
11926,1926,2026-08-05,Net Banking,12285.02,Pending
11927,1927,2026-04-01,Debit Card,42736.7,Pending
11928,1928,2025-03-02,Net Banking,50681.85,Paid
11929,1929,2025-11-13,Debit Card,24731.36,Paid
11930,1930,2024-03-05,Credit Card,31360.46,Paid
11931,1931,2026-03-13,Credit Card,49732.27,Pending
11932,1932,2024-08-05,Net Banking,80082.09,Refunded
11933,1933,2026-02-10,UPI,19366.25,Paid
11934,1934,2025-09-27,Net Banking,5362.94,Refunded
11935,1935,2025-02-09,Credit Card,19668.02,Pending
11936,1936,2025-03-21,Net Banking,79868.87,Paid
11937,1937,2025-12-26,Net Banking,16853.92,Pending
11938,1938,2025-10-12,Net Banking,26044.26,Refunded
11939,1939,2023-04-20,UPI,32274.8,Paid
11940,1940,2024-07-22,Net Banking,49900.07,Paid
11941,1941,2026-05-19,UPI,41729.78,Pending
11942,1942,2026-08-09,Credit Card,64051.29,Paid
11943,1943,2025-08-24,Debit Card,30866.18,Refunded
11944,1944,2024-03-06,Debit Card,27967.62,Paid
11945,1945,2023-02-19,Net Banking,29126.05,Pending
11946,1946,2025-11-18,Net Banking,2442.28,Pending
11947,1947,2024-10-15,Credit Card,9836.73,Refunded
11948,1948,2024-07-02,Debit Card,24512.24,Pending
11949,1949,2024-07-15,Credit Card,5057.08,Paid
11950,1950,2024-07-06,Debit Card,3261.39,Paid
11951,1951,2026-07-07,Net Banking,20374.67,Refunded
11952,1952,2024-12-26,Credit Card,18438.53,Pending
11953,1953,2024-07-24,Credit Card,25443.63,Pending
11954,1954,2025-02-11,UPI,40234.36,Paid
11955,1955,2025-08-04,Debit Card,8108.1,Pending
11956,1956,2026-06-01,Net Banking,59606.45,Paid
11957,1957,2026-04-20,Net Banking,31734.15,Paid
11958,1958,2025-02-09,Net Banking,17227.55,Paid
11959,1959,2025-08-05,UPI,27952.86,Paid
11960,1960,2025-03-12,UPI,14838.82,Pending
11961,1961,2026-06-23,UPI,2311.71,Paid
11962,1962,2025-01-23,Net Banking,19198.33,Paid
11963,1963,2024-10-14,Credit Card,11178.72,Refunded
11964,1964,2026-05-04,Credit Card,1144.24,Paid
11965,1965,2026-02-14,Net Banking,9899.83,Refunded
11966,1966,2026-04-10,Net Banking,56226.2,Paid
11967,1967,2024-04-07,Credit Card,77550.2,Refunded
11968,1968,2026-02-08,Net Banking,29805.0,Pending
11969,1969,2026-08-14,UPI,25597.02,Paid
11970,1970,2024-01-22,UPI,24489.37,Paid
11971,1971,2026-04-19,UPI,1881.57,Paid
11972,1972,2024-07-09,Credit Card,34748.36,Paid
11973,1973,2026-05-07,Net Banking,33703.97,Pending
11974,1974,2026-02-15,Net Banking,18819.87,Paid
11975,1975,2025-12-05,Debit Card,32110.27,Paid
11976,1976,2024-09-04,UPI,27576.27,Refunded
11977,1977,2023-03-05,UPI,5564.56,Paid
11978,1978,2025-07-30,Debit Card,8738.26,Paid
11979,1979,2025-03-04,UPI,1723.11,Refunded
11980,1980,2024-05-23,UPI,11218.02,Paid
11981,1981,2025-02-11,Credit Card,39003.34,Pending
11982,1982,2022-07-05,UPI,1165.18,Refunded
11983,1983,2023-08-30,Net Banking,36841.64,Refunded
11984,1984,2026-05-20,Net Banking,52733.23,Pending
11985,1985,2024-05-02,Credit Card,27451.28,Paid
11986,1986,2026-05-08,Net Banking,34914.39,Refunded
11987,1987,2026-03-02,Credit Card,27698.64,Pending
11988,1988,2026-04-19,Net Banking,20762.6,Paid
11989,1989,2024-07-14,Credit Card,38413.94,Refunded
11990,1990,2023-12-14,Net Banking,39564.32,Paid
11991,1991,2026-02-03,UPI,26636.78,Paid
11992,1992,2024-06-26,UPI,15356.01,Pending
11993,1993,2026-04-21,Credit Card,22669.66,Paid
11994,1994,2022-10-31,Credit Card,21270.78,Refunded
11995,1995,2026-08-29,UPI,9606.82,Pending
11996,1996,2026-03-23,Debit Card,49485.78,Refunded
11997,1997,2022-10-29,Debit Card,33259.26,Paid
11998,1998,2025-09-29,UPI,32657.32,Pending
11999,1999,2023-12-08,Credit Card,4006.52,Refunded
12000,2000,2025-09-17,Net Banking,2699.37,Pending
12001,2001,2024-10-30,UPI,94813.95,Paid
12002,2002,2025-04-27,Credit Card,8993.78,Paid
12003,2003,2023-06-11,UPI,31778.18,Paid
12004,2004,2023-10-10,Credit Card,6128.06,Paid
12005,2005,2024-07-27,UPI,21517.85,Refunded
12006,2006,2026-08-11,Credit Card,18215.38,Paid
12007,2007,2024-06-13,Debit Card,7746.28,Refunded
12008,2008,2026-03-15,Debit Card,14312.57,Pending
12009,2009,2025-11-06,UPI,31728.59,Refunded
12010,2010,2026-08-18,Net Banking,86509.25,Pending
12011,2011,2024-04-28,Debit Card,24011.79,Refunded
12012,2012,2026-03-18,Credit Card,40828.94,Pending
12013,2013,2024-03-15,UPI,15834.66,Refunded
12014,2014,2023-08-08,Credit Card,6824.18,Paid
12015,2015,2026-07-07,Net Banking,20612.75,Pending
12016,2016,2023-08-11,Net Banking,18528.47,Paid
12017,2017,2025-06-10,Net Banking,3533.09,Pending
12018,2018,2024-09-15,Debit Card,7358.97,Pending
12019,2019,2024-10-09,Net Banking,61144.44,Paid
12020,2020,2026-06-19,Net Banking,12309.24,Refunded
12021,2021,2024-01-25,UPI,16750.55,Pending
12022,2022,2026-05-17,UPI,24941.27,Pending
12023,2023,2024-11-29,UPI,31220.9,Paid
12024,2024,2023-06-04,Debit Card,11961.58,Refunded
12025,2025,2025-07-30,Net Banking,42166.67,Pending
12026,2026,2024-01-21,Debit Card,29302.39,Paid
12027,2027,2023-01-09,Debit Card,22991.97,Pending
12028,2028,2026-03-03,Credit Card,33942.29,Paid
12029,2029,2025-02-12,UPI,11295.6,Paid
12030,2030,2025-07-14,Debit Card,1736.42,Pending
12031,2031,2025-10-23,Net Banking,13666.83,Paid
12032,2032,2024-07-03,Net Banking,24674.8,Paid
12033,2033,2025-09-22,Credit Card,1290.91,Paid
12034,2034,2024-09-25,Net Banking,10457.48,Paid
12035,2035,2025-11-22,Debit Card,28005.32,Paid
12036,2036,2025-03-28,Credit Card,23348.5,Paid
12037,2037,2023-03-06,Debit Card,50670.62,Paid
12038,2038,2026-03-01,UPI,3093.81,Pending
12039,2039,2025-11-15,Net Banking,32161.71,Paid
12040,2040,2025-03-08,UPI,18000.31,Refunded
12041,2041,2022-09-09,Net Banking,11030.51,Paid
12042,2042,2024-08-11,Net Banking,24896.52,Refunded
12043,2043,2022-09-07,Net Banking,5477.01,Paid
12044,2044,2026-06-09,Net Banking,28644.05,Refunded
12045,2045,2025-11-30,Net Banking,5229.03,Pending
12046,2046,2024-08-09,Debit Card,20554.79,Paid
12047,2047,2024-01-12,Credit Card,29603.76,Paid
12048,2048,2025-11-18,UPI,7444.0,Pending
12049,2049,2024-09-30,Debit Card,28731.38,Refunded
12050,2050,2025-01-03,Credit Card,17141.6,Refunded
12051,2051,2024-05-22,Net Banking,32072.41,Paid
12052,2052,2026-05-04,Net Banking,54157.85,Paid
12053,2053,2022-12-29,Debit Card,43218.21,Refunded
12054,2054,2025-02-21,UPI,7783.16,Paid
12055,2055,2025-08-24,Net Banking,4103.68,Paid
12056,2056,2025-09-03,UPI,3379.76,Paid
12057,2057,2025-12-02,Credit Card,63118.53,Paid
12058,2058,2025-12-18,UPI,11830.25,Refunded
12059,2059,2026-06-27,Net Banking,4109.89,Paid
12060,2060,2024-04-01,Debit Card,3591.0,Refunded
12061,2061,2026-01-08,UPI,62745.78,Pending
12062,2062,2026-06-04,Credit Card,22755.59,Refunded
12063,2063,2024-08-09,Debit Card,60489.23,Paid
12064,2064,2025-02-17,UPI,38681.2,Pending
12065,2065,2024-08-31,Credit Card,5362.94,Paid
12066,2066,2024-10-27,Credit Card,37182.41,Refunded
12067,2067,2023-06-23,Debit Card,10932.29,Refunded
12068,2068,2026-07-08,Credit Card,2872.8,Paid
12069,2069,2025-05-14,UPI,35077.1,Pending
12070,2070,2025-09-18,Net Banking,14484.19,Refunded
12071,2071,2026-08-05,Debit Card,37840.53,Pending
12072,2072,2025-05-24,Net Banking,47565.91,Pending
12073,2073,2026-06-21,Debit Card,24916.85,Paid
12074,2074,2025-11-13,Net Banking,50780.16,Refunded
12075,2075,2026-06-07,Net Banking,42310.88,Paid
12076,2076,2025-07-08,UPI,7011.74,Refunded
12077,2077,2024-06-12,UPI,29174.13,Paid
12078,2078,2024-02-10,Debit Card,26410.95,Pending
12079,2079,2024-10-02,Credit Card,2665.56,Paid
12080,2080,2025-07-22,Debit Card,25826.56,Refunded
12081,2081,2023-04-09,Credit Card,19084.72,Paid
12082,2082,2024-03-01,Credit Card,8725.83,Paid
12083,2083,2026-02-22,Net Banking,71450.51,Pending
12084,2084,2023-10-29,UPI,36842.84,Refunded
12085,2085,2026-02-08,Debit Card,4875.44,Paid
12086,2086,2026-03-03,UPI,6015.12,Refunded
12087,2087,2025-06-01,Debit Card,14037.89,Paid
12088,2088,2026-01-07,Debit Card,7871.7,Paid
12089,2089,2024-11-13,Credit Card,49471.45,Refunded
12090,2090,2024-07-18,UPI,28627.08,Paid
12091,2091,2025-02-16,Debit Card,18373.03,Paid
12092,2092,2023-04-21,Debit Card,17555.7,Paid
12093,2093,2025-06-21,UPI,37417.1,Refunded
12094,2094,2026-05-10,Net Banking,15351.0,Paid
12095,2095,2025-09-26,Debit Card,5823.43,Refunded
12096,2096,2026-07-20,Net Banking,56646.83,Pending
12097,2097,2024-10-21,Debit Card,29933.68,Pending
12098,2098,2026-03-08,Credit Card,5518.15,Refunded
12099,2099,2024-07-30,Net Banking,44392.72,Pending
12100,2100,2025-01-02,Debit Card,8757.65,Pending
12101,2101,2024-08-04,UPI,56030.71,Pending
12102,2102,2024-06-06,Credit Card,22349.45,Pending
12103,2103,2026-01-27,UPI,59730.82,Refunded
12104,2104,2026-04-30,Debit Card,90264.96,Paid
12105,2105,2026-07-23,UPI,27576.27,Paid
12106,2106,2023-04-13,Net Banking,7074.21,Pending
12107,2107,2024-08-09,Net Banking,3071.26,Paid
12108,2108,2023-04-05,Debit Card,20786.78,Pending
12109,2109,2025-07-23,Debit Card,74433.24,Refunded
12110,2110,2024-01-18,Debit Card,34539.09,Refunded
12111,2111,2025-12-29,Net Banking,39455.09,Paid
12112,2112,2024-10-26,Net Banking,25268.79,Refunded
12113,2113,2026-04-10,Net Banking,15927.33,Paid
12114,2114,2023-10-15,Credit Card,2778.06,Paid
12115,2115,2025-02-19,Debit Card,16470.38,Paid
12116,2116,2024-04-23,Net Banking,9280.82,Refunded
12117,2117,2024-07-26,UPI,63437.91,Refunded
12118,2118,2025-02-12,Net Banking,14937.91,Pending
12119,2119,2024-03-03,Credit Card,54792.22,Paid
12120,2120,2022-09-23,Net Banking,45741.69,Refunded
12121,2121,2025-05-19,UPI,71436.1,Paid
12122,2122,2023-09-25,Net Banking,23881.24,Pending
12123,2123,2024-01-07,Credit Card,18268.58,Paid
12124,2124,2024-06-27,Debit Card,34639.9,Pending
12125,2125,2023-01-29,Credit Card,17361.37,Refunded
12126,2126,2025-12-09,UPI,53023.74,Refunded
12127,2127,2026-08-14,UPI,54710.5,Paid
12128,2128,2025-03-01,UPI,13156.69,Refunded
12129,2129,2022-10-15,UPI,36016.51,Refunded
12130,2130,2024-11-06,Net Banking,36239.55,Paid
12131,2131,2026-06-03,Debit Card,2681.47,Paid
12132,2132,2026-07-25,UPI,32460.3,Paid
12133,2133,2026-06-07,Net Banking,7279.56,Pending
12134,2134,2025-12-14,Credit Card,55433.75,Pending
12135,2135,2025-05-05,Credit Card,6142.51,Refunded
12136,2136,2025-05-04,Net Banking,49210.08,Paid
12137,2137,2026-01-17,Credit Card,22022.12,Paid
12138,2138,2025-06-11,UPI,1800.74,Paid
12139,2139,2025-10-05,UPI,26639.65,Pending
12140,2140,2025-06-19,Net Banking,15812.88,Paid
12141,2141,2025-08-27,UPI,3405.26,Pending
12142,2142,2025-09-16,UPI,47340.34,Paid
12143,2143,2024-02-27,Debit Card,40155.92,Paid
12144,2144,2026-05-31,UPI,37270.48,Paid
12145,2145,2023-06-18,Credit Card,40124.2,Paid
12146,2146,2023-02-15,Credit Card,3007.56,Paid
12147,2147,2023-10-17,Credit Card,32617.69,Refunded
12148,2148,2026-07-21,UPI,40584.37,Refunded
12149,2149,2026-03-07,Credit Card,12801.68,Paid
12150,2150,2024-07-31,Debit Card,13385.25,Paid
12151,2151,2023-08-23,UPI,14600.59,Pending
12152,2152,2025-08-19,Credit Card,27931.19,Refunded
12153,2153,2025-05-19,Net Banking,32296.97,Pending
12154,2154,2024-09-23,UPI,1939.86,Refunded
12155,2155,2023-12-25,Credit Card,51555.68,Refunded
12156,2156,2025-09-10,Debit Card,34591.84,Pending
12157,2157,2026-01-14,Credit Card,29789.89,Refunded
12158,2158,2024-04-25,UPI,18357.86,Refunded
12159,2159,2024-12-07,Net Banking,35406.96,Pending
12160,2160,2024-07-21,Debit Card,4585.38,Refunded
12161,2161,2024-10-12,UPI,24710.37,Paid
12162,2162,2025-10-13,UPI,11903.41,Pending
12163,2163,2025-05-27,Credit Card,976.43,Paid
12164,2164,2026-06-01,UPI,21869.47,Paid
12165,2165,2025-03-08,Credit Card,7651.59,Paid
12166,2166,2025-12-09,Debit Card,35048.13,Refunded
12167,2167,2026-05-05,Credit Card,905.9,Pending
12168,2168,2026-02-20,Debit Card,15029.33,Paid
12169,2169,2025-05-05,Credit Card,53953.17,Pending
12170,2170,2025-08-10,Net Banking,20506.83,Pending
12171,2171,2024-06-28,UPI,24645.09,Paid
12172,2172,2023-03-29,UPI,23981.9,Paid
12173,2173,2026-02-17,Net Banking,45290.4,Refunded
12174,2174,2025-03-02,UPI,30640.3,Pending
12175,2175,2026-01-03,UPI,34926.55,Paid
12176,2176,2026-06-24,UPI,2533.96,Paid
12177,2177,2023-12-26,Credit Card,40913.15,Refunded
12178,2178,2024-10-24,Net Banking,16150.47,Refunded
12179,2179,2024-03-16,Debit Card,33349.95,Paid
12180,2180,2024-12-16,Credit Card,56331.04,Refunded
12181,2181,2025-12-14,UPI,63112.59,Paid
12182,2182,2022-06-03,UPI,710.36,Paid
12183,2183,2026-06-15,UPI,41605.51,Refunded
12184,2184,2025-09-03,Debit Card,13359.41,Paid
12185,2185,2026-01-22,Debit Card,55279.39,Pending
12186,2186,2026-05-27,Debit Card,17377.75,Pending
12187,2187,2024-12-04,UPI,26302.13,Refunded
12188,2188,2024-05-22,UPI,54478.19,Pending
12189,2189,2026-03-09,Debit Card,63699.95,Paid
12190,2190,2026-03-17,UPI,36349.53,Refunded
12191,2191,2024-11-11,UPI,4902.45,Paid
12192,2192,2026-01-14,UPI,21856.01,Paid
12193,2193,2025-02-15,Credit Card,31960.29,Paid
12194,2194,2026-03-29,UPI,33691.72,Paid
12195,2195,2024-07-14,Credit Card,8510.16,Refunded
12196,2196,2026-06-23,Debit Card,49256.66,Paid
12197,2197,2024-08-25,Credit Card,21021.66,Refunded
12198,2198,2024-11-21,Net Banking,43133.51,Paid
12199,2199,2024-10-28,Debit Card,15420.7,Paid
12200,2200,2023-09-26,Credit Card,25879.71,Refunded
12201,2201,2025-03-20,UPI,23620.4,Paid
12202,2202,2024-05-31,Credit Card,14330.22,Refunded
12203,2203,2024-10-03,UPI,34391.66,Paid
12204,2204,2025-06-22,Credit Card,32650.59,Paid
12205,2205,2024-01-15,Debit Card,1572.99,Paid
12206,2206,2025-01-31,Net Banking,45836.08,Pending
12207,2207,2026-05-15,Credit Card,65212.0,Paid
12208,2208,2026-07-09,Credit Card,7710.35,Paid
12209,2209,2025-12-15,UPI,1881.57,Refunded
12210,2210,2025-07-30,Credit Card,59023.28,Paid
12211,2211,2025-05-28,UPI,41758.56,Pending
12212,2212,2024-06-04,Credit Card,29379.53,Refunded
12213,2213,2026-07-11,UPI,9580.86,Paid
12214,2214,2025-08-04,UPI,3843.94,Pending
12215,2215,2025-10-27,UPI,33372.58,Paid
12216,2216,2024-06-21,UPI,16379.01,Paid
12217,2217,2026-05-31,UPI,3786.86,Paid
12218,2218,2024-07-19,Net Banking,30367.25,Paid
12219,2219,2023-12-15,Net Banking,3892.45,Refunded
12220,2220,2024-12-27,Credit Card,15925.14,Paid
12221,2221,2023-10-24,Net Banking,45708.75,Pending
12222,2222,2025-07-14,Debit Card,12391.04,Paid
12223,2223,2024-01-29,UPI,38411.57,Paid
12224,2224,2024-02-24,Net Banking,19704.52,Pending
12225,2225,2024-08-18,UPI,6842.72,Paid
12226,2226,2025-05-10,Debit Card,3791.34,Pending
12227,2227,2023-12-15,Net Banking,47524.99,Paid
12228,2228,2024-02-28,Credit Card,2909.61,Pending
12229,2229,2026-07-06,Credit Card,30594.08,Paid
12230,2230,2026-04-17,Net Banking,12336.22,Paid
12231,2231,2026-07-25,Credit Card,61494.48,Paid
12232,2232,2023-10-31,Credit Card,22670.22,Paid
12233,2233,2025-02-10,Net Banking,37903.19,Paid
12234,2234,2026-07-03,Debit Card,32371.73,Paid
12235,2235,2026-06-12,Credit Card,5371.66,Refunded
12236,2236,2025-04-21,Debit Card,4595.67,Pending
12237,2237,2026-06-17,Net Banking,39345.22,Paid
12238,2238,2024-01-24,UPI,12463.92,Refunded
12239,2239,2026-04-26,Credit Card,38241.93,Pending
12240,2240,2026-06-12,UPI,1135.09,Refunded
12241,2241,2025-01-25,UPI,46084.49,Paid
12242,2242,2023-09-06,Net Banking,8947.3,Refunded
12243,2243,2024-02-27,Credit Card,12858.49,Pending
12244,2244,2025-09-19,Debit Card,22844.85,Paid
12245,2245,2025-09-17,Debit Card,19923.69,Pending
12246,2246,2024-06-15,Debit Card,36204.65,Paid
12247,2247,2026-06-10,Net Banking,10340.88,Paid
12248,2248,2023-06-23,Debit Card,56874.89,Refunded
12249,2249,2024-11-24,UPI,16312.34,Paid
12250,2250,2025-11-11,UPI,1874.56,Pending
12251,2251,2026-01-16,Credit Card,59166.91,Refunded
12252,2252,2024-08-21,Debit Card,30425.84,Refunded
12253,2253,2024-03-04,Credit Card,41375.93,Refunded
12254,2254,2025-04-06,Debit Card,31267.58,Paid
12255,2255,2022-12-18,UPI,11334.29,Paid
12256,2256,2025-10-13,UPI,31716.89,Pending
12257,2257,2025-07-01,Credit Card,12880.4,Paid
12258,2258,2025-07-11,Credit Card,58832.04,Refunded
12259,2259,2025-08-07,Credit Card,52816.98,Paid
12260,2260,2025-11-01,UPI,7571.7,Refunded
12261,2261,2026-07-18,Credit Card,14490.45,Refunded
12262,2262,2023-11-04,Debit Card,47101.66,Pending
12263,2263,2025-05-13,Net Banking,31032.5,Refunded
12264,2264,2025-02-27,Net Banking,8667.81,Paid
12265,2265,2026-04-27,Credit Card,16304.78,Refunded
12266,2266,2026-08-26,Credit Card,6443.45,Paid
12267,2267,2024-03-02,UPI,21950.37,Refunded
12268,2268,2026-07-14,Debit Card,12285.02,Pending
12269,2269,2026-06-30,Credit Card,38711.21,Refunded
12270,2270,2023-11-02,UPI,13476.69,Paid
12271,2271,2024-08-23,UPI,3646.03,Paid
12272,2272,2026-03-07,Net Banking,35156.74,Refunded
12273,2273,2024-08-01,Debit Card,11130.74,Pending
12274,2274,2026-02-10,UPI,67242.4,Paid
12275,2275,2025-10-23,Credit Card,48712.78,Paid
12276,2276,2025-10-17,Credit Card,105215.33,Paid
12277,2277,2025-08-17,UPI,28039.5,Paid
12278,2278,2024-09-12,UPI,5141.64,Paid
12279,2279,2023-04-09,Debit Card,15848.71,Paid
12280,2280,2023-08-22,UPI,92999.55,Refunded
12281,2281,2023-04-23,UPI,14282.88,Paid
12282,2282,2023-12-22,Net Banking,24709.37,Paid
12283,2283,2023-09-16,Net Banking,22705.09,Pending
12284,2284,2024-07-20,Net Banking,6563.62,Paid
12285,2285,2026-01-02,UPI,33726.74,Refunded
12286,2286,2026-06-12,UPI,20919.08,Pending
12287,2287,2025-11-23,UPI,5823.65,Paid
12288,2288,2026-04-20,Debit Card,45322.71,Refunded
12289,2289,2025-06-28,Net Banking,36327.54,Paid
12290,2290,2025-03-02,Net Banking,27939.74,Pending
12291,2291,2025-01-30,Debit Card,13423.85,Refunded
12292,2292,2024-10-14,Credit Card,38893.57,Paid
12293,2293,2026-08-10,Debit Card,8422.93,Refunded
12294,2294,2024-11-02,Debit Card,7243.51,Refunded
12295,2295,2026-07-31,Credit Card,35134.65,Refunded
12296,2296,2025-05-01,Credit Card,22079.33,Refunded
12297,2297,2025-03-09,Debit Card,2557.3,Paid
12298,2298,2025-04-25,UPI,37515.42,Paid
12299,2299,2025-11-21,Debit Card,22844.85,Paid
12300,2300,2024-03-21,Net Banking,2213.94,Refunded
12301,2301,2025-09-08,Net Banking,42503.02,Paid
12302,2302,2023-05-31,Debit Card,13655.86,Refunded
12303,2303,2025-01-05,Debit Card,77007.76,Paid
12304,2304,2024-03-08,UPI,6842.72,Paid
12305,2305,2025-08-14,Net Banking,14237.22,Paid
12306,2306,2022-10-03,Net Banking,55317.79,Pending
12307,2307,2026-03-21,Credit Card,2909.61,Refunded
12308,2308,2024-09-14,Debit Card,12658.63,Refunded
12309,2309,2024-05-28,UPI,6427.05,Paid
12310,2310,2025-09-26,Net Banking,60802.74,Refunded
12311,2311,2024-11-27,Net Banking,28511.34,Paid
12312,2312,2025-05-31,Debit Card,5675.44,Paid
12313,2313,2026-01-25,Net Banking,5867.91,Pending
12314,2314,2025-05-13,UPI,59608.49,Paid
12315,2315,2025-11-01,Net Banking,14481.46,Pending
12316,2316,2025-07-03,Net Banking,15469.07,Paid
12317,2317,2025-08-17,UPI,29536.31,Refunded
12318,2318,2025-12-12,Credit Card,18384.18,Pending
12319,2319,2026-06-14,Net Banking,9542.36,Paid
12320,2320,2023-11-06,UPI,2474.4,Paid
12321,2321,2025-02-04,UPI,41639.58,Paid
12322,2322,2025-01-19,Net Banking,13534.02,Paid
12323,2323,2023-12-02,Credit Card,72622.98,Paid
12324,2324,2023-01-17,Net Banking,3522.14,Pending
12325,2325,2024-11-18,Debit Card,10805.83,Paid
12326,2326,2026-02-23,Net Banking,30933.75,Pending
12327,2327,2025-12-23,Debit Card,24223.68,Paid
12328,2328,2026-07-14,UPI,6497.89,Paid
12329,2329,2026-01-27,Debit Card,40263.86,Refunded
12330,2330,2026-03-15,Debit Card,25884.4,Paid
12331,2331,2026-04-25,Debit Card,52313.2,Pending
12332,2332,2025-01-01,Net Banking,36382.79,Pending
12333,2333,2024-06-06,UPI,15871.53,Refunded
12334,2334,2026-01-07,Net Banking,9846.16,Refunded
12335,2335,2026-02-20,UPI,25593.35,Paid
12336,2336,2024-02-15,UPI,3167.97,Paid
12337,2337,2025-12-31,Debit Card,30109.28,Refunded
12338,2338,2025-01-18,Debit Card,28062.28,Paid
12339,2339,2024-06-22,Net Banking,8587.34,Pending
12340,2340,2025-11-28,Debit Card,10293.35,Pending
12341,2341,2025-02-15,Net Banking,7651.59,Pending
12342,2342,2024-01-05,Debit Card,7530.4,Refunded
12343,2343,2026-06-30,Net Banking,28776.06,Paid
12344,2344,2026-06-08,Debit Card,45744.08,Paid
12345,2345,2024-06-25,UPI,41235.47,Paid
12346,2346,2024-11-24,Net Banking,22406.87,Pending
12347,2347,2024-03-19,UPI,54875.7,Refunded
12348,2348,2025-12-06,Debit Card,19338.65,Refunded
12349,2349,2026-03-27,Credit Card,88803.22,Refunded
12350,2350,2023-07-21,Credit Card,13387.95,Pending
12351,2351,2024-01-13,Net Banking,35145.81,Paid
12352,2352,2025-07-14,UPI,61568.23,Paid
12353,2353,2024-07-15,Net Banking,5182.19,Refunded
12354,2354,2026-04-10,UPI,737.98,Paid
12355,2355,2024-10-12,Debit Card,24001.94,Paid
12356,2356,2026-08-31,Debit Card,7239.97,Refunded
12357,2357,2023-08-02,Credit Card,5823.65,Paid
12358,2358,2023-11-09,Net Banking,48414.32,Refunded
12359,2359,2025-04-02,UPI,6209.77,Paid
12360,2360,2025-06-04,UPI,42223.73,Paid
12361,2361,2026-03-17,Credit Card,12165.4,Refunded
12362,2362,2025-10-17,UPI,42565.83,Refunded
12363,2363,2026-03-20,Net Banking,88670.14,Refunded
12364,2364,2026-05-02,Debit Card,26156.65,Paid
12365,2365,2024-07-02,Debit Card,25282.26,Paid
12366,2366,2025-08-10,Net Banking,40227.18,Paid
12367,2367,2023-08-15,UPI,5495.93,Refunded
12368,2368,2026-08-05,UPI,26183.77,Pending
12369,2369,2026-08-17,UPI,18198.9,Paid
12370,2370,2023-10-07,Net Banking,36897.99,Paid
12371,2371,2023-02-28,Debit Card,35878.08,Refunded
12372,2372,2024-11-16,UPI,7881.89,Paid
12373,2373,2026-08-12,Debit Card,36175.92,Paid
12374,2374,2024-10-31,Net Banking,8480.22,Pending
12375,2375,2024-01-11,Credit Card,28294.27,Paid
12376,2376,2025-11-30,Debit Card,55883.76,Pending
12377,2377,2023-05-31,UPI,33623.46,Paid
12378,2378,2025-02-16,Credit Card,19251.13,Paid
12379,2379,2024-04-25,Net Banking,29660.86,Paid
12380,2380,2026-04-26,Debit Card,29014.96,Paid
12381,2381,2025-05-24,UPI,9213.61,Pending
12382,2382,2022-06-25,Debit Card,24301.04,Paid
12383,2383,2026-01-15,Debit Card,43938.25,Pending
12384,2384,2024-06-28,Net Banking,16951.57,Refunded
12385,2385,2026-01-21,UPI,49353.09,Refunded
12386,2386,2023-08-08,Debit Card,5750.48,Pending
12387,2387,2024-02-16,Credit Card,8757.65,Paid
12388,2388,2026-02-14,Credit Card,28919.53,Paid
12389,2389,2025-04-14,Net Banking,30402.25,Pending
12390,2390,2025-09-07,UPI,24984.72,Pending
12391,2391,2024-02-16,Debit Card,54544.55,Pending
12392,2392,2022-04-23,Net Banking,24247.42,Refunded
12393,2393,2024-09-17,UPI,14620.7,Paid
12394,2394,2025-05-15,Debit Card,11234.99,Paid
12395,2395,2023-02-03,Debit Card,40346.42,Paid
12396,2396,2026-06-16,Debit Card,3663.42,Paid
12397,2397,2026-07-11,Debit Card,17690.22,Pending
12398,2398,2024-07-24,Debit Card,43343.1,Paid
12399,2399,2026-04-04,Credit Card,55561.3,Paid
12400,2400,2026-05-16,UPI,33790.16,Paid
12401,2401,2026-04-10,Credit Card,6224.13,Paid
12402,2402,2024-11-09,Credit Card,26315.89,Paid
12403,2403,2024-05-16,Net Banking,9190.58,Paid
12404,2404,2026-07-26,UPI,38866.48,Refunded
12405,2405,2026-07-18,UPI,29933.68,Pending
12406,2406,2026-06-07,Net Banking,27395.18,Paid
12407,2407,2026-07-10,UPI,13331.39,Paid
12408,2408,2025-08-04,Credit Card,5362.94,Pending
12409,2409,2024-04-13,Credit Card,36555.82,Paid
12410,2410,2023-02-19,Credit Card,22332.01,Paid
12411,2411,2025-02-13,UPI,30754.91,Paid
12412,2412,2026-06-22,UPI,1475.96,Refunded
12413,2413,2025-06-24,Net Banking,3457.79,Pending
12414,2414,2025-10-22,UPI,16399.9,Paid
12415,2415,2025-07-16,Debit Card,37346.22,Paid
12416,2416,2026-04-08,Net Banking,50021.59,Refunded
12417,2417,2025-06-03,Net Banking,26538.67,Paid
12418,2418,2024-05-19,Debit Card,74186.55,Pending
12419,2419,2026-03-29,Debit Card,56546.71,Paid
12420,2420,2025-11-18,Net Banking,16303.36,Paid
12421,2421,2025-03-16,Debit Card,13931.1,Pending
12422,2422,2023-04-16,Net Banking,29395.44,Paid
12423,2423,2026-03-19,Credit Card,42563.91,Paid
12424,2424,2026-01-24,Debit Card,7415.22,Paid
12425,2425,2026-07-09,Net Banking,44730.85,Pending
12426,2426,2024-06-29,Debit Card,28970.44,Refunded
12427,2427,2025-12-09,Credit Card,76137.13,Pending
12428,2428,2025-07-11,UPI,1023.79,Pending
12429,2429,2025-12-30,Net Banking,71396.36,Pending
12430,2430,2024-02-07,Debit Card,16890.91,Paid
12431,2431,2024-09-21,Net Banking,25639.01,Paid
12432,2432,2024-10-02,Debit Card,6501.74,Paid
12433,2433,2022-12-18,Debit Card,3001.23,Paid
12434,2434,2025-08-15,Credit Card,44185.75,Paid
12435,2435,2025-06-17,Debit Card,14094.86,Refunded
12436,2436,2025-08-28,UPI,7237.05,Paid
12437,2437,2024-11-17,Net Banking,26956.96,Paid
12438,2438,2024-11-05,UPI,17470.29,Refunded
12439,2439,2023-04-27,Credit Card,14019.75,Refunded
12440,2440,2026-05-31,Credit Card,16145.7,Pending
12441,2441,2025-12-05,Credit Card,15260.76,Paid
12442,2442,2024-02-06,Debit Card,3402.46,Paid
12443,2443,2025-11-15,Net Banking,26977.1,Refunded
12444,2444,2025-04-18,UPI,12391.04,Paid
12445,2445,2024-08-03,Net Banking,10818.49,Pending
12446,2446,2024-01-20,Credit Card,6995.26,Paid
12447,2447,2026-06-21,Credit Card,2767.3,Paid
12448,2448,2025-01-18,Net Banking,20255.17,Paid
12449,2449,2023-12-08,Net Banking,18826.0,Pending
12450,2450,2026-08-29,Debit Card,11647.3,Paid
12451,2451,2025-10-25,UPI,1634.15,Pending
12452,2452,2025-06-17,UPI,57610.0,Paid
12453,2453,2026-01-09,Debit Card,8054.31,Pending
12454,2454,2025-03-28,Debit Card,3195.53,Refunded
12455,2455,2025-12-09,Credit Card,9048.58,Paid
12456,2456,2026-06-01,Credit Card,2668.56,Refunded
12457,2457,2025-08-06,Net Banking,56959.34,Paid
12458,2458,2025-10-09,Net Banking,2703.81,Pending
12459,2459,2025-12-08,UPI,23982.39,Refunded
12460,2460,2025-12-10,UPI,18982.96,Paid
12461,2461,2023-10-01,Net Banking,9028.59,Pending
12462,2462,2026-03-19,Debit Card,34722.42,Refunded
12463,2463,2024-07-18,Debit Card,53964.54,Refunded
12464,2464,2024-12-20,UPI,27314.03,Refunded
12465,2465,2025-10-07,Net Banking,6537.45,Paid
12466,2466,2024-11-10,Debit Card,3001.23,Paid
12467,2467,2026-07-01,Credit Card,9839.17,Paid
12468,2468,2025-03-22,Debit Card,52235.51,Pending
12469,2469,2026-08-31,Net Banking,27952.86,Paid
12470,2470,2026-06-29,Credit Card,68924.92,Paid
12471,2471,2023-10-16,Credit Card,45841.45,Paid
12472,2472,2026-07-23,Credit Card,24636.69,Pending
12473,2473,2024-08-18,Debit Card,17304.14,Refunded
12474,2474,2025-05-09,Debit Card,4988.6,Paid
12475,2475,2023-05-28,Net Banking,8301.8,Paid
12476,2476,2026-08-12,Debit Card,5839.41,Pending
12477,2477,2025-11-01,Debit Card,17236.05,Paid
12478,2478,2026-05-16,Debit Card,2668.56,Paid
12479,2479,2025-05-24,Net Banking,553.46,Refunded
12480,2480,2023-03-04,Net Banking,8745.98,Paid
12481,2481,2026-06-29,UPI,39388.96,Paid
12482,2482,2025-05-15,Credit Card,25715.61,Refunded
12483,2483,2026-06-28,UPI,6195.52,Paid
12484,2484,2024-12-13,Credit Card,36970.56,Pending
12485,2485,2026-05-08,Credit Card,16881.83,Refunded
12486,2486,2026-08-29,Credit Card,28358.6,Pending
12487,2487,2025-08-02,Debit Card,9016.91,Refunded
12488,2488,2026-08-14,Net Banking,14591.66,Pending
12489,2489,2025-02-08,Net Banking,14019.05,Pending
12490,2490,2024-08-10,UPI,14751.5,Pending
12491,2491,2025-10-04,Credit Card,16722.94,Paid
12492,2492,2023-05-03,Debit Card,20750.34,Refunded
12493,2493,2023-10-28,Debit Card,37517.31,Pending
12494,2494,2026-06-05,Debit Card,25425.18,Paid
12495,2495,2026-06-27,Credit Card,27347.63,Refunded
12496,2496,2025-03-01,Debit Card,29598.34,Refunded
12497,2497,2025-10-26,Debit Card,15243.6,Paid
12498,2498,2024-08-28,Debit Card,37864.54,Paid
12499,2499,2026-02-04,Net Banking,23772.59,Pending
12500,2500,2024-03-16,Credit Card,11646.86,Paid
