product_id,product_name,category,price
1,Aster Face Wash,Electronics,3639.78
2,Aster Speaker,Home & Kitchen,1634.15
3,Aster Kettle,Home & Kitchen,7649.11
4,Aster Bottle,ELECTRONICS,4745.74
5,Viva Face Wash,Sports,8668.62
6,Aster Bottle,Fashion,868.21
7,UrbanNest Backpack,Beauty,5994.91
8,Nova Backpack,Fashion,-4724.08
9,Nova Face Wash,Electronics,8349.63
10,Nova Yoga Mat,Electronics,4733.57
11,Nova Bottle,Sports,9107.69
12,Aster Face Wash,Sports,6128.06
13,Aster Mouse,Sports,4614.13
14,Nova Kettle,Fashion,582.59
15,Viva Kettle,Beauty,3765.2
16,Viva Yoga Mat,Fashion,7788.75
17,Nova Face Wash,Sports,844.94
18,Viva Backpack,Electronics,2668.56
19,Aster Face Wash,Sports,997.72
20,UrbanNest Backpack,Home & Kitchen,9682.43
21,Aster Speaker,Beauty,3232.9
22,UrbanNest Kettle,Beauty,6766.14
23,Nova Yoga Mat,Sports,5182.19
24,UrbanNest Backpack,ELECTRONICS,1965.58
25,UrbanNest Bottle,Home & Kitchen,2080.65
26,Aster Speaker,Home & Kitchen,3097.76
27,Nova Face Wash,Electronics,8787.65
28,Aster Yoga Mat,Sports,1710.68
29,Aster Bottle,Home & Kitchen,627.19
30,Aster Bottle,Fashion,6182.84
31,Aster Shirt,Beauty,3231.79
32,Aster Face Wash,Beauty,-6846.41
33,Viva Bottle,Sports,7739.5
34,Viva Kettle,Beauty,8204.53
35,Aster Backpack,Sports,710.36
36,UrbanNest Speaker,Beauty,7170.73
37,Nova Backpack,Sports,1020.98
38,UrbanNest Bottle,Home & Kitchen,9071.0
39,Viva Speaker,Home & Kitchen,9473.85
40,Viva Face Wash,Home & Kitchen,9317.62
41,Nova Yoga Mat,Beauty,5118.67
42,Viva Speaker,Home & Kitchen,3873.14
43,UrbanNest Speaker,Electronics,8422.93
44,Aster Kettle,Fashion,574.37
45,Aster Bottle,Beauty,4595.29
46,Nova Mouse,Electronics,2707.05
47,Viva Speaker,Home & Kitchen,7805.49
48,UrbanNest Speaker,Home & Kitchen,666.94
49,Viva Speaker,Beauty,1285.41
50,Nova Shirt,Beauty,7240.73
51,Viva Mouse,Fashion,6224.13
52,Viva Kettle,Home & Kitchen,6709.84
53,UrbanNest Speaker,Electronics,9542.36
54,Nova Yoga Mat,SPORTS,8757.65
55,Viva Face Wash,Electronics,2684.77
56,UrbanNest Speaker,Electronics,3578.06
57,UrbanNest Kettle,Electronics,633.49
58,UrbanNest Kettle,Sports,8336.76
59,Viva Kettle,Beauty,8151.68
60,Viva Mouse,Electronics,3074.74
61,Aster Mouse,Electronics,3291.84
62,Viva Bottle,Fashion,2681.47
63,UrbanNest Face Wash,Home & Kitchen,8647.96
64,UrbanNest Backpack,Electronics,1418.86
65,Viva Yoga Mat,Fashion,7483.42
66,UrbanNest Kettle,Beauty,-5061.79
67,UrbanNest Backpack,Beauty,8050.25
68,Nova Yoga Mat,Beauty,6103.04
69,UrbanNest Face Wash,Home & Kitchen,1204.46
70,UrbanNest Backpack,Fashion,4568.97
71,Aster Bottle,Beauty,3644.16
72,UrbanNest Yoga Mat,Electronics,2889.64
73,Nova Yoga Mat,Electronics,3759.45
74,Nova Kettle,Home & Kitchen,8515.96
75,Nova Kettle,Beauty,857.89
76,UrbanNest Yoga Mat,Fashion,9503.78
77,Aster Bottle,Electronics,9497.47
78,Viva Speaker,Fashion,5823.43
79,UrbanNest Yoga Mat,Sports,3279.98
80,Aster Speaker,Fashion,452.95
